timepoint,stationcode,longitude,latitude,area,positionname,primarypollutant,aqi,pm10,pm10_24h,pm2_5,pm2_5_24h,o3,o3_24h,o3_8h,o3_8h_24h,no2,no2_24h,so2,so2_24h,co,co_24h
2026-08-08T0100,3669A,114.4706,36.0634,安阳市,左辅环卫站,颗粒物(PM10),65,71,66,30,34,93,93,NA,NA,7,9,3,5,0.6,0.8
2026-08-08T0100,4117A,114.2918,36.0769,安阳市,钢三路198号,,50,42,48,35,33,86,86,NA,NA,8,5,3,4,0.6,0.6
2026-08-08T0100,1748A,123.0441,41.1201,鞍山市,深沟寺,,17,17,26,9,13,47,47,NA,NA,12,12,6,5,0.4,0.7
2026-08-08T0100,1749A,123.011,41.0931,鞍山市,太阳城,NA,NA,44,52,10,29,48,48,NA,NA,NA,16,2,3,0.9,1.4
2026-08-08T0100,1750A,123.0483,41.1445,鞍山市,太平,,18,18,31,7,13,45,45,NA,NA,10,11,6,6,0.4,0.7
2026-08-08T0100,1751A,122.964,41.0968,鞍山市,铁西三道街,,36,30,48,14,20,23,23,NA,NA,35,24,32,18,3.6,2.4
2026-08-08T0100,1753A,123.0219,41.0822,鞍山市,明达新区,,17,17,30,7,15,48,48,NA,NA,10,10,3,4,0.7,1
2026-08-08T0100,4201A,122.944647,41.082639,鞍山市,兴盛南路290号,,34,34,53,11,18,22,22,NA,NA,39,27,37,15,1.9,1.2
2026-08-08T0100,2195A,107.4206,40.7609,巴彦淖尔市,附二中,颗粒物(PM10),61,65,40,34,24,65,65,NA,NA,25,12,10,11,0.6,0.6
2026-08-08T0100,2196A,107.37,40.7372,巴彦淖尔市,市环保大楼,颗粒物(PM10),56,58,48,26,22,83,83,NA,NA,14,8,14,12,0.8,0.8
2026-08-08T0100,1956A,86.1476,41.7529,巴音郭楞蒙古自治州,孔雀公园,NA,NA,48,54,15,15,117,117,NA,NA,4,11,NA,8,0.2,0.2
2026-08-08T0100,1957A,86.1971,41.7166,巴音郭楞蒙古自治州,棉纺厂,颗粒物(PM10),58,60,59,16,17,118,118,NA,NA,5,13,/,/,/,/
2026-08-08T0100,1958A,86.236,41.7172,巴音郭楞蒙古自治州,经济开发区,,43,43,46,13,14,117,117,NA,NA,7,9,4,5,0.1,0.2
2026-08-08T0100,3181A,106.776805,31.852614,巴中市,市五中,,15,15,12,9,6,18,18,NA,NA,10,7,9,9,0.5,0.5
2026-08-08T0100,3183A,106.7419,31.8654,巴中市,圣泉水务公司,,16,14,11,11,6,15,15,NA,NA,14,7,10,10,0.7,0.6
2026-08-08T0100,3616A,106.7617,31.8343,巴中市,市中心医院,,44,44,19,29,10,18,18,NA,NA,20,9,6,6,0.6,0.5
2026-08-08T0100,2235A,122.7909,45.608,白城市,洮北区环保局,,29,24,27,20,15,30,30,NA,NA,11,7,4,4,0.2,0.2
2026-08-08T0100,2236A,122.8741,45.5725,白城市,市环保局,,17,17,16,9,12,40,40,NA,NA,15,7,4,4,0.3,0.3
2026-08-08T0100,2231A,126.4219,41.9172,白山市,喜丰,,24,24,37,3,10,63,63,NA,NA,6,11,9,8,0.4,0.6
2026-08-08T0100,2232A,126.4082,41.9416,白山市,环保局,,22,10,22,3,10,68,68,NA,NA,1,5,11,10,0.5,0.6
2026-08-08T0100,2647A,104.1727,36.5448,白银市,第三小学,,23,23,31,9,12,51,51,NA,NA,26,14,3,22,0.5,0.7
2026-08-08T0100,2648A,104.1467,36.5482,白银市,动力公司,,20,9,21,7,11,64,64,NA,NA,16,11,5,10,0.4,0.4
2026-08-08T0100,2512A,106.6102,23.901,百色市,市监测站,,31,31,22,9,8,31,31,NA,NA,9,7,9,7,0.5,0.5
2026-08-08T0100,2513A,106.6524,23.8842,百色市,市中心血站,,47,47,31,24,12,6,6,NA,NA,32,12,16,11,0.7,0.4
2026-08-08T0100,4133A,106.6273,23.8798,百色市,龙景西路,,29,25,29,20,13,12,12,NA,NA,14,11,7,7,0.5,0.5
2026-08-08T0100,2270A,117.396,32.9389,蚌埠市,工人疗养院,,46,45,43,32,25,51,51,NA,NA,16,8,5,6,0.5,0.5
2026-08-08T0100,2271A,117.3606,32.9428,蚌埠市,百货大楼,,25,25,28,16,19,70,70,NA,NA,10,10,9,9,0.8,0.8
2026-08-08T0100,2273A,117.4183,32.8909,蚌埠市,蚌埠学院,,46,39,37,32,23,6,6,NA,NA,70,29,5,6,0.5,0.5
2026-08-08T0100,2274A,117.3534,32.9672,蚌埠市,淮上区政府,,42,29,31,29,22,62,62,NA,NA,12,10,6,5,0.6,0.5
2026-08-08T0100,2275A,117.3143,32.8977,蚌埠市,高新区,,25,19,28,17,20,67,67,NA,NA,10,12,9,10,0.5,0.5
2026-08-08T0100,3715A,117.3091,32.9314,蚌埠市,蚌埠田家炳中学,,34,34,39,23,24,73,73,NA,NA,9,12,8,8,0.5,0.5
2026-08-08T0100,1585A,109.8761,40.6533,包头市,市环境监测站,,32,29,36,22,25,70,70,NA,NA,28,24,7,8,1.2,0.8
2026-08-08T0100,1587A,109.9992,40.5843,包头市,包头八中,颗粒物(PM10),58,61,47,37,28,46,46,NA,NA,46,26,8,9,1.7,0.9
2026-08-08T0100,1589A,109.8641,40.6288,包头市,惠龙物流,,40,40,38,28,28,62,62,NA,NA,38,24,13,9,3.1,1.1
2026-08-08T0100,1590A,110.0376,40.5546,包头市,东河鸿龙湾,颗粒物(PM10),58,60,41,30,29,17,17,NA,NA,47,21,6,6,0.7,0.6
2026-08-08T0100,3283A,109.9154,40.5684,包头市,滨河大厦,颗粒物(PM10),54,55,37,31,28,7,7,NA,NA,83,28,11,10,1.8,0.9
2026-08-08T0100,3419A,109.9449,40.6259,包头市,包头市委党校,颗粒物(PM10),52,52,34,31,27,55,55,NA,NA,43,26,17,10,5.0,1.4
2026-08-08T0100,3683A,109.8332,40.6577,包头市,昆区政府,,48,48,40,33,28,39,39,NA,NA,63,32,6,12,1.0,0.9
2026-08-08T0100,1931A,107.0802,34.3129,宝鸡市,竹园沟,,24,24,22,14,15,27,27,NA,NA,8,8,4,4,0.5,0.5
2026-08-08T0100,1933A,107.1429,34.3549,宝鸡市,监测站,,25,18,28,17,18,28,28,NA,NA,8,10,8,9,0.4,0.5
2026-08-08T0100,1934A,107.1172,34.3759,宝鸡市,技工学校,,35,25,28,24,21,32,32,NA,NA,5,6,5,6,0.6,0.6
2026-08-08T0100,1936A,107.2025,34.3518,宝鸡市,文理学院,,26,26,29,18,20,40,40,NA,NA,14,13,4,5,0.5,0.5
2026-08-08T0100,1937A,107.2396,34.3626,宝鸡市,三迪小学,,23,23,30,16,21,36,36,NA,NA,16,12,4,4,0.6,0.6
2026-08-08T0100,4155A,107.1721,34.3558,宝鸡市,滨河北路,,31,31,28,19,19,30,30,NA,NA,8,7,3,3,0.7,0.7
2026-08-08T0100,4308A,107.3898,34.3601,宝鸡市,陈仓区北开路21号,,45,44,33,31,23,46,46,NA,NA,17,10,4,4,0.5,0.4
2026-08-08T0100,1051A,115.4803,38.8568,保定市,游泳馆,,34,21,36,20,28,106,106,NA,NA,1,7,3,3,0,0
2026-08-08T0100,1052A,115.509,38.8895,保定市,华电二区,,35,35,48,14,23,107,107,NA,NA,2,7,3,2,0.5,0.5
2026-08-08T0100,1053A,115.4588,38.9037,保定市,接待中心,,31,23,37,14,26,98,98,NA,NA,2,7,1,2,0.1,0.1
2026-08-08T0100,1054A,115.4484,38.8344,保定市,地表水厂,,32,26,44,14,25,100,100,NA,NA,2,9,1,2,0.3,0.4
2026-08-08T0100,3581A,115.3136,38.9511,保定市,满城区生态环境分局,,37,19,32,8,23,117,117,NA,NA,3,6,3,3,0.1,0.1
2026-08-08T0100,3582A,115.4709,38.7628,保定市,清苑区第二中学,,33,16,45,10,25,103,103,NA,NA,3,14,3,2,0.3,0.3
2026-08-08T0100,3583A,115.6231,39.0223,保定市,徐水物探局,,29,12,25,11,25,92,92,NA,NA,3,8,2,3,0.3,0.3
2026-08-08T0100,4004A,115.4199,38.8665,保定市,双鹰农机,,32,21,37,16,27,101,101,NA,NA,2,6,1,2,0.2,0.2
2026-08-08T0100,4034A,115.515,38.8589,保定市,植保所站,,42,42,31,11,24,114,114,NA,NA,3,8,2,3,0.0,0.1
2026-08-08T0100,2594A,99.1589,25.1137,保山市,市环境监测站,,12,9,13,7,7,37,37,NA,NA,4,8,5,6,0.2,0.3
2026-08-08T0100,2595A,99.1616,25.1381,保山市,市环保局,,16,NA,8,3,8,51,51,NA,NA,2,6,5,5,0.3,0.4
2026-08-08T0100,1867A,109.1435,21.4085,北海市,海滩公园,,21,11,26,3,13,65,65,NA,NA,2,5,2,5,0.3,0.4
2026-08-08T0100,1868A,109.0983,21.466,北海市,新市环保局,,30,30,22,3,10,62,62,NA,NA,5,8,4,5,0.4,0.4
2026-08-08T0100,1869A,109.1775,21.5232,北海市,北海工业园,,19,8,22,7,10,60,60,NA,NA,5,7,2,5,0.5,0.4
2026-08-08T0100,3400A,109.1844,21.4396,北海市,龙潭自来水厂,,16,10,23,3,12,50,50,NA,NA,3,6,4,6,0.4,0.5
2026-08-08T0100,1001A,116.3611,39.8786,北京市,万寿西宫,,18,16,29,7,18,56,56,NA,NA,15,13,1,1,0.5,0.5
2026-08-08T0100,1003A,116.4174,39.9289,北京市,东四,,19,15,27,9,17,58,58,NA,NA,18,15,2,2,0.3,0.4
2026-08-08T0100,1004A,116.4073,39.8858,北京市,天坛,,16,16,32,8,18,20,20,NA,NA,11,12,2,2,0.5,0.6
2026-08-08T0100,1005A,116.4622,39.9364,北京市,农展馆,,21,21,30,13,21,39,39,NA,NA,22,17,3,3,0.2,0.4
2026-08-08T0100,1006A,116.3399,39.9293,北京市,官园,,19,19,32,9,18,40,40,NA,NA,29,19,3,3,0.5,0.5
2026-08-08T0100,1007A,116.2879,39.9613,北京市,海淀万柳,,20,20,29,10,17,30,30,NA,NA,18,16,3,3,0.5,0.4
2026-08-08T0100,1008A,116.6635,40.1349,北京市,顺义新城,,19,19,23,11,15,43,43,NA,NA,6,5,2,1,0.4,0.5
2026-08-08T0100,1009A,116.6275,40.327,北京市,怀柔镇,,14,14,23,8,14,40,40,NA,NA,13,8,3,3,0.4,0.5
2026-08-08T0100,1010A,116.2295,40.217,北京市,昌平镇,,15,15,25,9,15,26,26,NA,NA,8,10,2,3,0.6,0.7
2026-08-08T0100,1011A,116.3968,39.982,北京市,奥体中心,,19,19,28,12,17,32,32,NA,NA,26,20,3,3,0.4,0.4
2026-08-08T0100,3418A,116.8336,40.4095,北京市,密云新城,,18,18,20,10,12,45,45,NA,NA,3,3,1,2,0.5,0.4
2026-08-08T0100,3671A,116.0879,39.9725,北京市,门头沟三家店,,12,11,20,8,16,36,36,NA,NA,12,9,1,2,0.6,0.6
2026-08-08T0100,3672A,116.1507,39.8246,北京市,丰台云岗,,17,17,31,3,15,35,35,NA,NA,7,9,4,4,0.5,0.5
2026-08-08T0100,3674A,115.9578,39.7602,北京市,房山燕山,,17,17,31,6,19,50,50,NA,NA,4,7,2,2,0.5,0.4
2026-08-08T0100,3675A,116.4669,39.7734,北京市,大兴旧宫,,14,14,34,8,19,32,32,NA,NA,15,15,2,1,0.6,0.7
2026-08-08T0100,3694A,115.9859,40.4562,北京市,延庆石河营,,20,12,25,8,14,62,62,NA,NA,2,11,3,3,0.3,0.4
2026-08-08T0100,3695A,116.6151,40.3052,北京市,怀柔新城,,13,10,20,3,18,41,41,NA,NA,6,4,3,2,0.5,0.6
2026-08-08T0100,3696A,116.2542,39.8764,北京市,丰台小屯,,18,18,29,6,15,37,37,NA,NA,12,15,2,2,0.5,0.5
2026-08-08T0100,3697A,116.8399,40.3843,北京市,密云镇,,21,21,22,9,13,38,38,NA,NA,7,7,3,3,0.5,0.5
2026-08-08T0100,4057A,115.9423,40.4431,北京市,延庆百泉,,23,11,20,7,13,71,71,NA,NA,1,12,1,1,0.4,0.4
2026-08-08T0100,4058A,116.6598,39.9164,北京市,通州新华,,20,20,32,11,18,28,28,NA,NA,30,17,1,1,0.5,0.6
2026-08-08T0100,4182A,116.1942,39.9158,北京市,石景山八角,,13,13,27,6,15,33,33,NA,NA,23,15,2,4,0.5,0.5
2026-08-08T0100,4194A,117.078628,40.151726,北京市,平谷新城,,18,18,24,8,14,39,39,NA,NA,5,6,1,1,0.5,0.5
2026-08-08T0100,1761A,123.8274146,41.31234549,本溪市,大峪,,18,14,31,6,14,57,57,NA,NA,8,14,4,4,0.4,0.6
2026-08-08T0100,1763A,123.7169,41.3094,本溪市,彩屯,,18,16,33,3,17,56,56,NA,NA,7,13,9,7,0.2,0.7
2026-08-08T0100,1764A,123.7672166,41.28649327,本溪市,东明,,21,17,31,3,13,65,65,NA,NA,6,14,4,4,0.6,0.8
2026-08-08T0100,1765A,123.799345,41.266614,本溪市,新立屯,,19,14,27,3,14,59,59,NA,NA,6,12,6,7,0.5,0.8
2026-08-08T0100,1766A,123.829144,41.336777,本溪市,威宁,,16,16,24,7,13,50,50,NA,NA,11,9,5,5,0.4,0.5
2026-08-08T0100,2587A,105.287,27.3133,毕节市,八中,,25,17,20,3,12,80,80,NA,NA,6,10,7,7,0.4,0.5
2026-08-08T0100,2588A,105.3079,27.2987,毕节市,师专,,28,16,25,6,10,88,88,NA,NA,6,12,6,8,0.4,0.2
2026-08-08T0100,4263A,105.3688,27.3598,毕节市,工业大道,,24,24,19,14,10,41,41,NA,NA,17,11,9,8,/,/
2026-08-08T0100,1629A,117.9961,37.3604,滨州市,第二水厂,,24,24,37,3,17,73,73,NA,NA,2,8,5,6,0.7,0.8
2026-08-08T0100,1630A,117.9789,37.3931,滨州市,北中新校,,27,27,35,3,22,78,78,NA,NA,6,15,6,7,0.7,0.8
2026-08-08T0100,3514A,117.9379,37.3959,滨州市,中海酒店,,28,17,36,6,22,87,87,NA,NA,6,16,8,9,0.3,0.5
2026-08-08T0100,3515A,117.9381509,37.35547456,滨州市,开发区一中,,25,22,38,9,21,79,79,NA,NA,2,12,7,10,0.4,0.6
2026-08-08T0100,3516A,118.0914,37.6938,滨州市,金海六路,,25,22,38,3,25,78,78,NA,NA,10,27,4,7,0,0.2
2026-08-08T0100,4028A,117.9955,37.3752,滨州市,滨州市西街道办事处,,31,31,36,6,18,79,79,NA,NA,2,10,6,7,0.7,0.7
2026-08-08T0100,2311A,115.8071,33.8399,亳州市,污水处理厂,,48,35,48,33,31,122,122,NA,NA,7,12,4,3,0.6,0.7
2026-08-08T0100,2312A,115.7789,33.8519,亳州市,三国揽胜宫,,46,36,52,32,31,145,145,NA,NA,4,6,6,6,0.6,0.6
2026-08-08T0100,3332A,115.7631,33.803,亳州市,亳州学院,,47,37,48,29,31,148,148,NA,NA,5,6,1,2,0.7,0.7
2026-08-08T0100,2693A,82.0482,44.8553,博尔塔拉蒙古自治州,市党校,,47,47,33,13,10,103,103,NA,NA,4,4,4,3,0.1,0.1
2026-08-08T0100,2694A,82.0805,44.8966,博尔塔拉蒙古自治州,市环保局,,35,35,35,16,5,83,83,NA,NA,19,6,4,4,0.3,0.2
2026-08-08T0100,1071A,116.8733,38.2922,沧州市,沧县城建局,,34,34,46,15,30,64,64,NA,NA,2,8,3,4,0.4,0.6
2026-08-08T0100,2568A,102.2503,31.8896,阿坝藏族羌族自治州,马师校,,10,10,23,7,8,15,15,NA,NA,2,4,4,4,0.3,0.3
2026-08-08T0100,3994A,102.2174,31.9016,阿坝藏族羌族自治州,马尔康中学西区,,14,14,11,6,7,16,16,NA,NA,7,7,3,4,0.3,0.3
2026-08-08T0100,2695A,80.2899,41.1684,阿克苏地区,电视台,细颗粒物(PM2.5),120,149,85,81,41,86,86,NA,NA,12,9,4,4,0.5,0.4
2026-08-08T0100,2696A,80.2592,41.1541,阿克苏地区,艺术中心,细颗粒物(PM2.5),125,108,60,87,56,100,100,NA,NA,8,8,4,4,0.3,0.3
2026-08-08T0100,2205A,105.699,38.8409,阿拉善盟,蒙二幼,,32,15,27,8,7,102,102,NA,NA,4,4,8,8,0.5,0.5
2026-08-08T0100,2206A,105.7198,38.8508,阿拉善盟,环保局新楼,,34,21,15,9,5,106,106,NA,NA,4,3,10,10,0.5,0.5
2026-08-08T0100,2708A,88.1266,47.8515,阿勒泰地区,市站,,40,40,27,9,3,65,65,NA,NA,6,12,8,8,0.3,0.3
2026-08-08T0100,4166A,88.1198,47.7931,阿勒泰地区,阿勒泰路33号,,42,42,20,7,8,71,71,NA,NA,7,7,8,8,0.4,0.4
2026-08-08T0100,2630A,80.1171,32.4999,阿里地区,阿里监测站,,22,13,7,3,2,68,68,NA,NA,8,25,6,5,0.2,0.2
2026-08-08T0100,3192A,80.0906,32.5029,阿里地区,阿里藏医院,,24,6,11,3,2,76,76,NA,NA,1,9,7,7,0.2,0.2
2026-08-08T0100,2644A,109.0088,32.6974,安康市,汉滨区检察院,,23,12,33,3,14,72,72,NA,NA,4,6,1,2,0.4,0.5
2026-08-08T0100,4054A,109.0324,32.6913,安康市,市邮政管理局,,25,12,26,6,18,80,80,NA,NA,5,9,1,3,0.5,0.7
2026-08-08T0100,2291A,117.0806,30.5181,安庆市,环科院,,19,19,22,13,13,58,58,NA,NA,5,4,4,5,0.9,0.9
2026-08-08T0100,2292A,117.0331,30.5118,安庆市,马山宾馆,,20,14,22,13,14,64,64,NA,NA,5,7,2,4,0.9,1
2026-08-08T0100,2294A,116.9897,30.6146,安庆市,安庆大学,,18,16,20,10,13,56,56,NA,NA,7,7,4,5,0.4,0.5
2026-08-08T0100,3173A,117.0598,30.5351,安庆市,市人大,,20,NA,20,10,13,63,63,NA,NA,1,3,4,6,0.7,0.7
2026-08-08T0100,3123A,105.9408,26.2431,安顺市,凤凰山,,20,13,21,10,17,61,61,NA,NA,6,7,7,11,0.5,0.5
2026-08-08T0100,3124A,105.9443,26.2567,安顺市,金钟山,,19,10,18,3,15,58,58,NA,NA,6,7,8,12,0.4,0.5
2026-08-08T0100,3125A,105.8983,26.248,安顺市,娄家坡,,19,17,17,3,14,60,60,NA,NA,6,6,12,10,0.4,0.4
2026-08-08T0100,1819A,114.3552,36.1017,安阳市,红庙街,,48,48,55,32,35,85,85,NA,NA,14,8,4,6,0.7,1
2026-08-08T0100,1820A,114.361,36.0681,安阳市,银杏小区,颗粒物(PM10),53,54,51,35,33,94,94,NA,NA,15,5,1,2,0.5,0.6
2026-08-08T0100,3141A,114.3921,36.0879,安阳市,信访局,细颗粒物(PM2.5),56,52,53,38,37,101,101,NA,NA,10,7,2,5,0.3,0.5
2026-08-08T0100,1072A,116.8462,38.3189,沧州市,电视转播站,,42,42,50,20,28,67,67,NA,NA,6,8,1,3,0.0,0.2
2026-08-08T0100,1073A,116.8588,38.3161,沧州市,市环保局,NA,NA,28,44,18,28,59,59,NA,NA,5,7,NA,3,0.3,0.5
2026-08-08T0100,3324A,116.8011,38.294,沧州市,河北水利电力学院,,31,31,40,15,28,65,65,NA,NA,5,9,1,3,0.2,0.4
2026-08-08T0100,2622A,97.1813,31.1289,昌都市,昌都监测站,,30,10,11,3,5,96,96,NA,NA,8,9,3,2,0.3,0.3
2026-08-08T0100,3719A,97.1707,31.1428,昌都市,昌都会议中心,,34,19,12,8,6,107,107,NA,NA,5,5,1,2,0.4,0.3
2026-08-08T0100,2692A,87.2722,44.0298,昌吉回族自治州,新区政务中心,,27,27,20,17,11,46,46,NA,NA,24,12,7,8,0.6,0.4
2026-08-08T0100,3613A,87.3069,44.0093,昌吉回族自治州,亚心广场,,34,34,23,9,11,58,58,NA,NA,34,12,8,9,0.3,0.1
2026-08-08T0100,4164A,87.2057,43.9289,昌吉回族自治州,财政所,,43,43,31,15,9,34,34,NA,NA,18,14,8,8,0.5,0.3
2026-08-08T0100,1120A,125.2874,43.9024,长春市,客车厂,,22,18,12,15,8,44,44,NA,NA,12,10,3,3,0.4,0.4
2026-08-08T0100,1121A,125.2943,43.8508,长春市,邮电学院,,26,24,12,18,9,40,40,NA,NA,10,6,6,6,0.2,0.2
2026-08-08T0100,1122A,125.3648,43.8745,长春市,劳动公园,,28,28,15,18,10,25,25,NA,NA,24,11,10,5,0.2,0.2
2026-08-08T0100,1123A,125.3233,43.8781,长春市,园林处,,33,NA,12,23,10,39,39,NA,NA,10,6,6,4,0.3,0.3
2026-08-08T0100,1124A,125.4604,43.7904,长春市,净月潭,,18,12,10,12,7,27,27,NA,NA,10,8,7,6,0.2,0.2
2026-08-08T0100,1126A,125.38,43.8422,长春市,经开区环卫处,,25,19,15,17,10,35,35,NA,NA,12,8,5,5,0.3,0.3
2026-08-08T0100,1127A,125.234,43.7761,长春市,高新区管委会,,23,20,11,16,8,42,42,NA,NA,11,6,6,5,0.2,0.2
2026-08-08T0100,1128A,125.1695,43.83,长春市,岱山公园,,26,22,14,18,8,29,29,NA,NA,20,10,3,3,0.4,0.4
2026-08-08T0100,4281A,125.334645,43.916281,长春市,北亚泰大街1068号,,29,20,13,20,10,41,41,NA,NA,10,8,3,3,0.3,0.4
2026-08-08T0100,1335A,113.082,28.2421,长沙市,经开区环保局,,34,34,29,22,20,57,57,NA,NA,9,8,4,4,0.6,0.6
2026-08-08T0100,1336A,112.8873,28.2202,长沙市,高开区环保局,,28,27,28,19,20,58,58,NA,NA,9,6,3,4,0.7,0.7
2026-08-08T0100,1337A,113.0785,28.2012,长沙市,马坡岭,,31,31,30,19,20,73,73,NA,NA,8,9,6,7,0.4,0.4
2026-08-08T0100,1338A,112.9448,28.1894,长沙市,湖南师范大学,,32,29,31,22,21,60,60,NA,NA,9,5,7,6,0.4,0.4
2026-08-08T0100,1339A,113.0177,28.1322,长沙市,雨花区环保局,,33,30,31,23,21,62,62,NA,NA,16,11,6,6,0.9,0.9
2026-08-08T0100,1340A,112.9795,28.2593,长沙市,伍家岭,,32,32,31,22,20,56,56,NA,NA,11,8,5,4,0.5,0.5
2026-08-08T0100,1341A,113.002,28.1944,长沙市,火车新站,,30,30,30,21,20,60,60,NA,NA,11,7,4,4,0.5,0.4
2026-08-08T0100,1342A,112.9846,28.1177,长沙市,天心区环保局,,42,36,31,29,22,69,69,NA,NA,15,11,4,3,0.7,0.7
2026-08-08T0100,1343A,112.8906,28.1307,长沙市,湖南中医药大学,,28,27,29,19,20,64,64,NA,NA,8,7,6,6,0.8,0.8
2026-08-08T0100,1727A,113.1146,36.1547,长治市,清华站,细颗粒物(PM2.5),80,64,42,50,33,32,32,NA,NA,23,13,8,8,0.9,0.9
2026-08-08T0100,1730A,113.0887,36.2126,长治市,审计局,,49,36,41,34,36,117,117,NA,NA,6,13,10,10,0.9,1
2026-08-08T0100,1731A,113.0845,36.1856,长治市,长治八中,颗粒物(PM10),53,53,47,30,33,68,68,NA,NA,18,15,11,11,0.9,1
2026-08-08T0100,2845A,113.1561,36.1912,长治市,德盛苑,,50,37,32,35,30,96,96,NA,NA,4,8,9,10,0.9,1.4
2026-08-08T0100,3568A,113.0603,36.0464,长治市,向阳小学,颗粒物(PM10),58,60,43,27,24,10,10,NA,NA,17,10,6,6,1.1,1.1
2026-08-08T0100,3569A,112.8788,36.315,长治市,屯留一中,细颗粒物(PM2.5),62,58,39,41,29,65,65,NA,NA,19,9,10,10,2.0,1.5
2026-08-08T0100,4189A,113.113092,36.199482,长治市,英华南巷50号,细颗粒物(PM2.5),52,47,48,36,34,104,104,NA,NA,5,8,12,12,1.1,1.2
2026-08-08T0100,4190A,113.23666,36.33435,长治市,学府街1号,,50,46,51,35,38,113,113,NA,NA,2,5,8,8,0.8,1.1
2026-08-08T0100,1272A,117.2587,31.8703,合肥市,琥珀山庄,,24,17,24,10,11,76,76,NA,NA,9,11,7,8,0.4,0.4
2026-08-08T0100,1275A,117.2593,31.9376,合肥市,庐阳区,,24,17,24,11,13,74,74,NA,NA,10,11,9,9,0.7,0.7
2026-08-08T0100,1276A,117.345251,31.861615,合肥市,瑶海区,,24,24,20,9,11,66,66,NA,NA,5,6,4,3,0.6,0.6
2026-08-08T0100,1277A,117.3033,31.7967,合肥市,包河区,,19,17,21,13,10,51,51,NA,NA,26,26,10,11,0.3,0.3
2026-08-08T0100,1278A,117.278,31.7392,合肥市,滨湖新区,,22,22,20,11,9,62,62,NA,NA,12,9,7,8,0.6,0.6
2026-08-08T0100,1279A,117.1324,31.8395,合肥市,高新区,,23,19,28,12,14,71,71,NA,NA,12,15,7,7,0.6,0.6
2026-08-08T0100,3464A,117.3802,31.9148,合肥市,高教基地,,23,14,19,11,12,73,73,NA,NA,6,6,7,7,0.4,0.4
2026-08-08T0100,4098A,117.2518,31.8404,合肥市,中国科学技术大学,,25,14,19,9,11,79,79,NA,NA,5,7,10,10,0.4,0.4
2026-08-08T0100,3614A,79.9241,37.0878,和田地区,地区环保局,颗粒物(PM10),286,410,354,124,117,80,80,NA,NA,7,4,1,2,0.4,0.3
2026-08-08T0100,3615A,79.9132,37.1137,和田地区,市环保局,颗粒物(PM10),216,361,330,123,116,92,92,NA,NA,2,4,1,2,0.4,0.4
2026-08-08T0100,2517A,108.0496,24.6957,河池市,市环保站,,19,19,22,12,8,22,22,NA,NA,5,4,5,5,0.8,0.8
2026-08-08T0100,4302A,108.0901,24.6945,河池市,上任中路54号,,24,24,23,13,7,6,6,NA,NA,19,9,4,4,0.7,0.7
2026-08-08T0100,1697A,114.6962,23.7538,河源市,东埔,,19,17,31,13,22,52,52,NA,NA,7,12,4,5,0.6,0.7
2026-08-08T0100,1698A,114.6895,23.7232,河源市,老城,,25,23,35,17,26,32,32,NA,NA,13,12,8,9,0.8,0.8
2026-08-08T0100,3374A,115.5562,35.089,菏泽市,定陶老年大学,细颗粒物(PM2.5),60,51,48,40,32,95,95,NA,NA,15,14,4,5,0.6,0.5
2026-08-08T0100,4114A,115.4239,35.2593,菏泽市,黄河路600号,细颗粒物(PM2.5),92,NA,52,56,38,91,91,NA,NA,13,11,5,5,0.5,0.5
2026-08-08T0100,4115A,115.5025,35.2727,菏泽市,菏泽市人社局,细颗粒物(PM2.5),70,46,47,45,34,94,94,NA,NA,10,8,3,4,0.7,0.6
2026-08-08T0100,4184A,115.479691,35.244011,菏泽市,永昌路1号,细颗粒物(PM2.5),70,51,49,45,32,108,108,NA,NA,10,7,7,8,0.4,0.4
2026-08-08T0100,4193A,115.471542,35.280012,菏泽市,长城路999号,细颗粒物(PM2.5),82,NA,47,51,35,86,86,NA,NA,13,9,10,11,0.5,0.4
2026-08-08T0100,2514A,111.5264,24.4178,贺州市,环保小区,,29,25,32,20,19,27,27,NA,NA,16,9,10,11,0.4,0.4
2026-08-08T0100,2515A,111.561,24.4074,贺州市,政协大楼,,35,NA,24,24,22,20,20,NA,NA,20,14,10,12,0.6,0.6
2026-08-08T0100,3534A,111.4744,24.455,贺州市,西湾,,37,37,36,11,19,25,25,NA,NA,11,10,11,11,0.4,0.4
2026-08-08T0100,2385A,114.17,35.9019,鹤壁市,市监测站,颗粒物(PM10),65,70,47,41,41,99,99,NA,NA,9,5,1,3,1.3,0.8
2026-08-08T0100,2386A,114.2953,35.7512,鹤壁市,市交警支队,细颗粒物(PM2.5),62,53,43,41,31,96,96,NA,NA,14,12,6,7,0.7,0.7
2026-08-08T0100,2387A,114.2877,35.7302,鹤壁市,迎宾馆,细颗粒物(PM2.5),56,54,43,38,29,101,101,NA,NA,11,9,4,3,0.7,0.7
2026-08-08T0100,3474A,114.2616,35.6824,鹤壁市,大新区,,50,44,41,35,32,97,97,NA,NA,11,5,5,5,0.6,0.5
2026-08-08T0100,3596A,114.1573,35.9607,鹤壁市,南山宾馆,细颗粒物(PM2.5),80,65,39,50,38,97,97,NA,NA,16,8,5,4,0.8,0.4
2026-08-08T0100,2244A,130.2537,47.3416,鹤岗市,哈啤分公司,,18,18,24,10,6,44,44,NA,NA,2,3,4,5,0.3,0.3
2026-08-08T0100,2245A,130.2683,47.3087,鹤岗市,斯达机电,,27,27,26,17,11,36,36,NA,NA,7,6,3,4,0.1,0.2
2026-08-08T0100,2246A,130.3114,47.3388,鹤岗市,东山纸板厂,,47,47,36,16,8,35,35,NA,NA,7,6,6,6,0.2,0.1
2026-08-08T0100,2263A,127.4832,50.2524,黑河市,交通局,,15,12,44,10,15,27,27,NA,NA,3,7,6,6,0.1,0.1
2026-08-08T0100,1874A,109.396,24.3658,柳州市,市九中,颗粒物(PM10),69,76,44,36,24,29,29,NA,NA,15,12,26,16,0.4,0.6
2026-08-08T0100,1875A,109.4912,24.3164,柳州市,古亭山,,30,NA,28,21,20,7,7,NA,NA,24,13,3,4,0.7,0.7
2026-08-08T0100,3402A,109.5422,24.3994,柳州市,市二中,,39,34,31,27,21,17,17,NA,NA,16,9,10,9,0.7,0.6
2026-08-08T0100,2307A,116.5078,31.7369,六安市,监测大楼,,30,NA,16,21,17,75,75,NA,NA,8,8,3,4,0.5,0.5
2026-08-08T0100,2308A,116.4738,31.7642,六安市,皖西学院,,29,21,19,20,17,83,83,NA,NA,6,6,7,7,0.6,0.6
2026-08-08T0100,2309A,116.4997,31.7904,六安市,朝阳厂,,26,NA,16,18,17,70,70,NA,NA,9,10,2,2,0.3,0.3
2026-08-08T0100,2310A,116.5566,31.7885,六安市,开发区,,39,NA,30,27,22,66,66,NA,NA,9,10,6,7,0.3,0.3
2026-08-08T0100,2577A,104.8293,26.592,六盘水市,黄土坡,,27,8,12,7,12,84,84,NA,NA,7,10,4,4,0.2,0.4
2026-08-08T0100,2579A,104.8481,26.5898,六盘水市,民中,,29,10,14,7,11,91,91,NA,NA,5,13,1,2,0.3,0.4
2026-08-08T0100,2580A,104.9541,26.5506,六盘水市,双水,,26,14,17,8,9,81,81,NA,NA,9,9,4,4,0.4,0.5
2026-08-08T0100,4151A,104.8899,26.5685,六盘水市,钟山大道中段564号,,24,NA,17,11,10,76,76,NA,NA,14,11,4,4,0.8,0.6
2026-08-08T0100,2336A,117.022,25.1031,龙岩市,龙岩市监测站,,28,28,22,15,15,18,18,NA,NA,23,9,5,5,0.4,0.3
2026-08-08T0100,2337A,117.0257,25.0662,龙岩市,闽西职业技术学院,,21,21,24,10,14,22,22,NA,NA,10,6,4,5,0.4,0.4
2026-08-08T0100,2338A,117.0195,25.0306,龙岩市,龙岩学院,,18,18,23,11,14,20,20,NA,NA,11,6,2,3,/,/
2026-08-08T0100,2885A,104.9344,33.3827,陇南市,滨江中学,,18,18,22,8,9,56,56,NA,NA,6,6,7,8,0.4,0.4
2026-08-08T0100,3247A,104.9551,33.3709,陇南市,市总工会,,26,26,26,9,9,65,65,NA,NA,2,4,7,7,0.5,0.5
2026-08-08T0100,2488A,111.9984,27.7346,娄底市,市监测站,,44,44,36,30,23,39,39,NA,NA,20,13,3,4,1.4,0.9
2026-08-08T0100,2491A,111.9888,27.7035,娄底市,市政府,,26,NA,32,18,25,34,34,NA,NA,7,9,4,7,0.2,0.3
2026-08-08T0100,4127A,111.9812,27.7591,娄底市,涟钢职大,一氧化碳(CO),52,23,29,7,15,39,39,NA,NA,25,7,1,1,5.2,2.6
2026-08-08T0100,4128A,112.0303,27.7457,娄底市,娄底体校,,37,37,34,24,24,42,42,NA,NA,21,8,3,3,1.6,0.9
2026-08-08T0100,1894A,105.4427,28.9063,泸州市,小市上码头,,25,20,43,11,27,78,78,NA,NA,8,10,4,5,0.3,0.5
2026-08-08T0100,1895A,105.4241,28.8573,泸州市,兰田宪桥,,19,14,31,3,14,60,60,NA,NA,9,11,4,5,0.5,0.6
2026-08-08T0100,1896A,105.4378,28.8833,泸州市,市环监站,,23,10,24,3,8,73,73,NA,NA,9,10,5,6,0.7,0.7
2026-08-08T0100,4325A,105.3665,28.77434,泸州市,纳溪区委政协,,26,NA,27,18,24,75,75,NA,NA,10,12,4,5,0.6,0.7
2026-08-08T0100,2183A,111.1447,37.5212,吕梁市,环保局,颗粒物(PM10),53,54,49,28,24,13,13,NA,NA,36,19,5,6,0.6,0.6
2026-08-08T0100,2185A,111.1285,37.5338,吕梁市,自来水公司,颗粒物(PM10),63,67,51,28,25,15,15,NA,NA,27,17,4,4,0.6,0.6
2026-08-08T0100,2867A,111.1225,37.5093,吕梁市,马茂庄小学,颗粒物(PM10),61,65,52,24,23,10,10,NA,NA,36,24,3,4,0.6,0.6
2026-08-08T0100,1812A,112.3934,34.6517,洛阳市,市委党校,,50,50,42,34,31,46,46,NA,NA,27,14,9,10,0.6,0.7
2026-08-08T0100,1815A,112.494,34.6883,洛阳市,河南林校,细颗粒物(PM2.5),60,57,44,40,28,44,44,NA,NA,30,16,7,7,0.5,0.5
2026-08-08T0100,1816A,112.3843,34.623,洛阳市,开发区管委会,细颗粒物(PM2.5),70,45,36,45,31,62,62,NA,NA,31,13,14,14,0.7,0.7
2026-08-08T0100,1817A,112.4263,34.6249,洛阳市,市委新办公区,细颗粒物(PM2.5),60,49,33,40,28,36,36,NA,NA,28,11,11,12,0.7,0.6
2026-08-08T0100,3340A,112.6005,34.6323,洛阳市,伊滨,颗粒物(PM10),64,69,46,39,31,32,32,NA,NA,20,11,6,7,0.7,0.6
2026-08-08T0100,3341A,112.495,34.6338,洛阳市,中移产业园,颗粒物(PM10),58,61,42,36,29,42,42,NA,NA,30,11,9,9,1.0,1.3
2026-08-08T0100,1854A,111.696,28.9725,常德市,市二中,,18,17,23,12,16,44,44,NA,NA,6,5,7,7,1.1,1.1
2026-08-08T0100,3138A,111.7152,29.0288,常德市,武陵区永安,,29,NA,25,20,18,45,45,NA,NA,4,5,6,7,0.6,0.7
2026-08-08T0100,3139A,111.6891,28.9881,常德市,鼎城区玉霞,,19,15,23,13,17,49,49,NA,NA,5,7,8,9,0.7,0.7
2026-08-08T0100,3140A,111.6651,29.0526,常德市,武陵区长庚,,26,26,25,16,18,41,41,NA,NA,5,5,10,9,0.7,0.7
2026-08-08T0100,1196A,119.9524,31.7586,常州市,市监测站,NA,NA,NA,23,NA,12,66,66,NA,NA,2,4,10,10,0.4,0.5
2026-08-08T0100,1200A,119.9351,31.703,常州市,武进监测站,,34,34,27,22,13,66,66,NA,NA,4,8,4,5,0.6,0.6
2026-08-08T0100,3002A,119.9701,31.813,常州市,行政中心,,31,31,24,21,13,54,54,NA,NA,7,5,6,7,0.4,0.3
2026-08-08T0100,3003A,120.0434,31.7726,常州市,经开区,,40,38,31,28,14,55,55,NA,NA,10,11,6,6,0.6,0.6
2026-08-08T0100,3010A,119.8919,31.7892,常州市,钟楼,,36,29,23,25,12,63,63,NA,NA,7,8,6,7,0.4,0.4
2026-08-08T0100,3429A,119.8595,31.706,常州市,武进经发区,,32,32,27,21,15,61,61,NA,NA,5,5,5,5,0.7,0.7
2026-08-08T0100,3430A,119.5812,31.7256,常州市,金坛城区,,32,NA,19,22,17,61,61,NA,NA,8,7,6,6,0.7,0.6
2026-08-08T0100,4089A,119.9551,31.863,常州市,崇义南街5-H号,,23,22,22,16,13,62,62,NA,NA,4,5,6,6,0.4,0.4
2026-08-08T0100,2220A,120.4318,41.588,朝阳市,西梁,,21,18,23,3,8,67,67,NA,NA,7,9,10,9,0.5,0.6
2026-08-08T0100,2221A,120.452,41.565,朝阳市,河畔小区,,20,9,22,8,10,63,63,NA,NA,12,10,17,12,0.7,0.7
2026-08-08T0100,2222A,120.4176,41.5648,朝阳市,八里堡,,22,19,33,3,7,68,68,NA,NA,7,8,14,11,0.6,0.7
2026-08-08T0100,3026A,116.6179,23.6608,潮州市,市政府,,40,NA,42,28,26,29,29,NA,NA,28,13,12,6,0.7,0.7
2026-08-08T0100,4036A,116.646,23.676,潮州市,金山,,33,32,32,23,22,32,32,NA,NA,5,5,2,2,0.5,0.5
2026-08-08T0100,2473A,113.0116,25.8228,郴州市,市职中,,26,NA,28,18,24,27,27,NA,NA,8,8,6,6,0.5,0.6
2026-08-08T0100,2475A,113.0381,25.8074,郴州市,市审计局,,29,21,29,20,25,34,34,NA,NA,6,8,2,5,/,/
2026-08-08T0100,2476A,113.0348,25.7757,郴州市,市环保局,,34,34,24,21,25,49,49,NA,NA,11,10,7,9,0.7,0.7
2026-08-08T0100,4252A,113.0138,25.8011,郴州市,好美居路49号,,24,24,29,13,19,49,49,NA,NA,7,10,6,7,/,/
2026-08-08T0100,1431A,103.9727,30.7242,成都市,金泉两河,,49,49,32,30,22,36,36,NA,NA,23,18,1,2,0.7,0.6
2026-08-08T0100,1432A,104.1423,30.6765,成都市,十里店,,48,33,30,33,22,110,110,NA,NA,19,15,6,6,0.8,0.7
2026-08-08T0100,1433A,104.0594,30.5765,成都市,三瓦窑,,49,45,31,34,20,40,40,NA,NA,77,31,6,6,0.6,0.4
2026-08-08T0100,1434A,104.1122,30.6306,成都市,沙河铺,,42,32,31,29,19,54,54,NA,NA,29,16,7,7,0.8,0.7
2026-08-08T0100,2880A,104.0219,30.6561,成都市,大石西路,,42,39,32,29,22,82,82,NA,NA,24,17,4,5,0.5,0.4
2026-08-08T0100,3136A,104.2724,30.559,成都市,龙泉驿区区政府,,29,22,14,16,14,91,91,NA,NA,7,7,4,5,0.7,0.7
2026-08-08T0100,3357A,104.0028,30.6891,成都市,金博路,细颗粒物(PM2.5),52,38,26,36,25,42,42,NA,NA,36,20,8,9,1.0,0.8
2026-08-08T0100,3359A,104.056,30.5228,成都市,华阳,,40,36,24,28,17,96,96,NA,NA,17,11,2,3,0.9,0.8
2026-08-08T0100,3488A,104.387954,30.746684,成都市,青白江技师分院,,29,24,26,20,15,53,53,NA,NA,26,15,5,5,1.0,0.8
2026-08-08T0100,3489A,104.0788,30.4054,成都市,科学城,,29,29,20,12,15,70,70,NA,NA,23,10,7,8,1.0,0.9
2026-08-08T0100,4011A,103.8505,30.6946,成都市,光华大道三段,,39,39,35,25,20,57,57,NA,NA,14,13,3,4,0.8,0.8
2026-08-08T0100,4144A,104.3257,30.6406,成都市,八角井街185号,,35,35,28,12,15,86,86,NA,NA,11,11,6,6,0.4,0.4
2026-08-08T0100,4224A,104.2433276,30.53529463,成都市,鲸龙路1057号,,26,26,23,18,14,38,38,NA,NA,43,20,8,9,0.7,0.6
2026-08-08T0100,1062A,117.9531,40.908,承德市,铁路,,28,21,27,19,11,16,16,NA,NA,6,13,4,5,0.2,0.3
2026-08-08T0100,1063A,117.9397,40.9763,承德市,中国银行,,36,36,25,3,11,12,12,NA,NA,15,14,4,4,0.3,0.4
2026-08-08T0100,4073A,117.9462,40.95,承德市,杏林街1号,,28,28,22,19,15,12,12,NA,NA,9,11,4,4,0.3,0.3
2026-08-08T0100,4274A,117.7994,40.9605,承德市,滨河大街98号,,20,20,27,12,11,4,4,NA,NA,9,7,4,5,0.2,0.3
2026-08-08T0100,2314A,117.4698,30.6617,池州市,池州学院,,23,23,53,16,15,43,43,NA,NA,18,17,5,6,0.8,0.8
2026-08-08T0100,3237A,117.4918,30.6617,池州市,展览馆,,25,24,23,17,15,34,34,NA,NA,17,12,3,5,0.5,0.5
2026-08-08T0100,3333A,117.5626,30.695,池州市,第八中学,,28,28,29,16,17,38,38,NA,NA,15,15,4,6,0.6,0.7
2026-08-08T0100,3334A,117.5037,30.6242,池州市,第十二中学,,33,31,29,23,20,22,22,NA,NA,24,18,6,7,0.9,1
2026-08-08T0100,1744A,118.9229,42.2816,赤峰市,松山一中,,24,18,15,7,7,75,75,NA,NA,5,10,8,9,0.5,0.6
2026-08-08T0100,1745A,118.9588,42.2733,赤峰市,哈达街,,22,17,18,6,9,70,70,NA,NA,8,12,7,9,0.5,0.6
2026-08-08T0100,1746A,118.8792,42.2551,赤峰市,天义路,,22,10,10,3,6,68,68,NA,NA,5,8,9,8,0.4,0.5
2026-08-08T0100,3058A,119.2656,42.0356,赤峰市,银河街,,19,NA,13,13,8,48,48,NA,NA,8,8,4,5,0.4,0.4
2026-08-08T0100,3286A,118.9359,42.3146,赤峰市,桥北物流园区,,23,20,17,3,7,73,73,NA,NA,3,6,8,9,0.3,0.5
2026-08-08T0100,2521A,107.3473,22.4137,崇左市,市环保局江州分局,,22,NA,25,15,14,51,51,NA,NA,4,6,3,3,0.5,0.6
2026-08-08T0100,4256A,107.375,22.3736,崇左市,石景林东路7号,,26,NA,22,18,12,46,46,NA,NA,8,7,3,3,0.4,0.4
2026-08-08T0100,3207A,118.31131,32.3033,滁州市,市政府原办公楼,,42,NA,16,29,24,60,60,NA,NA,7,6,6,6,0.4,0.4
2026-08-08T0100,3331A,118.3268,32.2633,滁州市,图书馆,,29,21,16,20,14,58,58,NA,NA,7,6,6,6,0.4,0.4
2026-08-08T0100,4101A,118.3196,32.3335,滁州市,银山路666号,,32,30,22,22,17,45,45,NA,NA,11,5,4,5,0.4,0.4
2026-08-08T0100,4102A,118.3426,32.2979,滁州市,黄山路555号,,32,27,24,22,17,61,61,NA,NA,7,6,8,8,0.4,0.4
2026-08-08T0100,2606A,101.5379,25.0492,楚雄彝族自治州,市经济开发区,,20,10,14,3,9,63,63,NA,NA,11,12,2,2,1.0,1
2026-08-08T0100,4153A,101.5536,25.0343,楚雄彝族自治州,团结路562号,NA,NA,NA,13,NA,8,NA,NA,80,NA,NA,7,NA,3,NA,0.8
2026-08-08T0100,2549A,107.5087,31.2186,达州市,市环境监测站,,18,18,19,3,8,33,33,NA,NA,14,11,7,6,0.3,0.4
2026-08-08T0100,2550A,107.4988,31.2132,达州市,凤凰小区,,17,17,16,3,9,36,36,NA,NA,14,10,6,5,0.3,0.3
2026-08-08T0100,2551A,107.5081,31.1987,达州市,达县机关宾馆,,19,19,19,3,6,33,33,NA,NA,18,17,6,5,0.3,0.3
2026-08-08T0100,2552A,107.4644,31.2124,达州市,市政中心,,26,26,27,3,7,31,31,NA,NA,16,11,6,6,0.2,0.2
2026-08-08T0100,2614A,100.2168,25.5818,大理白族自治州,大理市环境监测站,,30,27,21,21,15,65,65,NA,NA,8,14,5,5,0.5,0.5
2026-08-08T0100,2615A,100.1542,25.7055,大理白族自治州,大理古城,,14,13,22,3,15,44,44,NA,NA,8,13,8,9,0.8,0.8
2026-08-08T0100,1109A,121.6119,38.974,大连市,甘井子,,38,38,59,8,23,73,73,NA,NA,12,12,5,5,0.7,0.8
2026-08-08T0100,1110A,121.565,38.9509,大连市,周水子,,42,42,50,9,25,64,64,NA,NA,12,13,10,7,0.6,0.7
2026-08-08T0100,1111A,121.5637,38.8849,大连市,星海三站,,44,44,46,3,22,67,67,NA,NA,12,12,8,8,0.5,0.8
2026-08-08T0100,1112A,121.6301,38.9117,大连市,青泥洼桥,,44,44,58,6,24,64,64,NA,NA,14,15,9,9,0.7,0.8
2026-08-08T0100,1113A,121.6248,38.8643,大连市,傅家庄,,36,36,40,6,22,67,67,NA,NA,10,10,6,6,0.5,0.5
2026-08-08T0100,1114A,121.5117,38.8636,大连市,七贤岭,,33,33,38,3,21,65,65,NA,NA,11,10,8,7,0.5,0.7
2026-08-08T0100,1116A,121.7507,39.1339,大连市,金州,,31,31,43,6,21,60,60,NA,NA,10,10,10,9,0.7,0.7
2026-08-08T0100,1117A,121.7811,39.0495,大连市,开发区,,29,29,36,9,20,71,71,NA,NA,10,13,6,7,0.6,0.7
2026-08-08T0100,1118A,121.9762,39.0631,大连市,双D港,,28,28,36,9,19,63,63,NA,NA,10,10,7,7,0.6,0.6
2026-08-08T0100,4082A,121.2548,38.8188,大连市,旅顺,,33,33,41,9,23,68,68,NA,NA,8,9,8,9,0.5,0.3
2026-08-08T0100,1789A,124.8085,46.0381,大庆市,大同区,,27,27,25,12,11,50,50,NA,NA,13,7,5,5,0.4,0.3
2026-08-08T0100,1790A,125.1166,46.5255,大庆市,龙凤区,,32,32,29,14,11,26,26,NA,NA,24,6,6,7,0.3,0.2
2026-08-08T0100,1791A,124.8894,46.4007,大庆市,红岗区,,29,29,29,9,12,34,34,NA,NA,16,6,6,6,0.3,0.2
2026-08-08T0100,1792A,125.1391,46.578,大庆市,萨尔图区,,25,25,25,11,9,50,50,NA,NA,4,4,5,5,0.1,0.2
2026-08-08T0100,1793A,124.9026,46.6217,大庆市,让胡路区,,31,31,32,18,16,41,41,NA,NA,5,4,4,4,0.1,0
2026-08-08T0100,3481A,125.127,46.6277,大庆市,萨区政府监测点,,23,23,25,12,14,47,47,NA,NA,3,2,5,5,0.2,0.2
2026-08-08T0100,1723A,113.2926,40.0759,大同市,云冈宾馆,,25,25,34,11,13,73,73,NA,NA,11,18,6,8,0.7,0.7
2026-08-08T0100,1724A,113.3437,40.0921,大同市,大同大学,,24,16,29,16,15,76,76,NA,NA,6,10,10,8,0.5,0.5
2026-08-08T0100,1725A,113.2637,40.129,大同市,安家小村,,24,24,38,12,18,68,68,NA,NA,11,17,7,8,0.4,0.5
2026-08-08T0100,3282A,113.3399,40.0586,大同市,大同市卫生学校,,22,15,31,14,13,68,68,NA,NA,13,15,6,8,0.5,0.5
2026-08-08T0100,3565A,113.1371,40.1122,大同市,云冈站,,28,28,33,16,17,60,60,NA,NA,10,13,6,7,0.5,0.5
2026-08-08T0100,3566A,113.1186,40.2556,大同市,图书馆,,32,32,30,12,14,26,26,NA,NA,11,10,6,7,0.5,0.6
2026-08-08T0100,3567A,113.5931,40.0459,大同市,区一中,,20,12,23,9,12,63,63,NA,NA,6,7,8,9,0.4,0.4
2026-08-08T0100,4199A,113.2798248,40.09972476,大同市,魏都大道141号,,26,26,38,10,17,63,63,NA,NA,14,20,8,8,0.4,0.5
2026-08-08T0100,2269A,124.1068,50.4091,大兴安岭地区,科技局,,27,27,33,9,17,16,16,NA,NA,2,3,3,3,0.2,0.2
2026-08-08T0100,3663A,124.117,50.4279,大兴安岭地区,红旗社区,,19,19,16,13,13,10,10,NA,NA,7,4,4,4,0.2,0.2
2026-08-08T0100,1600A,124.33,40.0625,丹东市,江湾东路,,22,14,25,3,11,70,70,NA,NA,10,15,1,2,0.3,0.4
2026-08-08T0100,1601A,124.4242,40.1513,丹东市,临江后街,,21,11,18,3,9,67,67,NA,NA,6,10,1,2,0.5,0.6
2026-08-08T0100,1602A,124.3935,40.1461,丹东市,元宝山,,21,12,16,6,10,66,66,NA,NA,5,8,3,3,0.4,0.5
2026-08-08T0100,1603A,124.3634,40.1093,丹东市,民主桥,,20,20,25,6,12,64,64,NA,NA,4,9,5,5,0.7,0.8
2026-08-08T0100,3541A,109.5726195,19.51688767,儋州市,第一中学子站,,12,12,11,3,4,33,33,NA,NA,3,3,1,1,0.7,0.7
2026-08-08T0100,3542A,109.5567,19.5187,儋州市,东坡学校子站,,9,7,9,3,3,27,27,NA,NA,2,3,2,3,0.6,0.6
2026-08-08T0100,2616A,98.5611,24.4273,德宏傣族景颇族自治州,德宏州监测站,,22,22,16,9,12,14,14,NA,NA,10,8,11,11,0.8,0.7
2026-08-08T0100,3677A,98.5887,24.4366,德宏傣族景颇族自治州,芒市人民政府综合楼,,39,39,39,14,15,15,15,NA,NA,8,9,8,8,0.9,0.9
2026-08-08T0100,1901A,104.424,31.1209,德阳市,东山公园,,32,NA,12,22,14,82,82,NA,NA,7,7,4,4,0.9,0.9
2026-08-08T0100,1902A,104.3827,31.1318,德阳市,西小区,细颗粒物(PM2.5),56,NA,18,38,14,36,36,NA,NA,43,19,12,10,0.8,0.7
2026-08-08T0100,1904A,104.3553,31.1091,德阳市,耐火材料厂,细颗粒物(PM2.5),105,NA,25,65,20,54,54,NA,NA,16,14,2,2,0.8,0.8
2026-08-08T0100,4145A,104.4144,31.1495,德阳市,市林业局,,40,40,30,25,14,18,18,NA,NA,62,18,10,10,0.7,0.6
2026-08-08T0100,1622A,116.3034,37.4675,德州市,儿童乐园,,31,31,40,8,25,88,88,NA,NA,2,6,10,10,0.4,0.5
2026-08-08T0100,1624A,116.2992,37.4449,德州市,监理站,,29,24,36,8,23,92,92,NA,NA,2,3,10,10,0.2,0.3
2026-08-08T0100,3066A,116.2722,37.438,德州市,九衢泉纯净水厂,,31,31,40,7,24,94,94,NA,NA,6,16,7,10,0.3,0.5
2026-08-08T0100,3371A,116.3693,37.44,德州市,开发区人民医院,,31,31,46,7,27,85,85,NA,NA,6,18,8,10,0.4,0.6
2026-08-08T0100,3511A,116.5687,37.3331,德州市,陵城艺术中心,,31,27,41,7,26,97,97,NA,NA,5,9,5,6,0.3,0.4
2026-08-08T0100,4292A,116.352738,37.420875,德州市,新河东路,,29,24,37,3,22,90,90,NA,NA,8,17,7,8,0.3,0.6
2026-08-08T0100,2621A,99.7054,27.8319,迪庆藏族自治州,迪庆州站,,25,13,18,6,8,78,78,NA,NA,11,10,6,7,0.2,0.2
2026-08-08T0100,3180A,99.7122,27.8129,迪庆藏族自治州,质量技术监督局,,26,9,15,6,7,81,81,NA,NA,10,11,5,5,0.3,0.3
2026-08-08T0100,4257A,104.6092,35.5962,定西市,将台街,,21,18,30,6,8,65,65,NA,NA,8,11,5,5,0.2,0.2
2026-08-08T0100,4309A,104.6159,35.5701,定西市,正龙路62号,,22,20,25,6,6,68,68,NA,NA,6,7,5,5,0.2,0.2
2026-08-08T0100,4071A,114.9883,38.5232,定州市,交通局,颗粒物(PM10),55,57,69,12,27,99,99,NA,NA,7,15,3,7,0.5,0.9
2026-08-08T0100,4072A,115.0045,38.5136,定州市,第五中学,,37,37,59,18,26,97,97,NA,NA,8,14,4,5,0.3,0.8
2026-08-08T0100,1390A,113.7943,23.0132,东莞市,东城石井,,33,33,36,23,20,38,38,NA,NA,14,11,7,6,0.9,0.8
2026-08-08T0100,1391A,113.7384,22.9659,东莞市,南城西平,,34,34,34,23,22,40,40,NA,NA,39,21,18,9,0.6,0.6
2026-08-08T0100,3319A,113.7283,23.041,东莞市,万江金泰,,28,24,36,19,22,50,50,NA,NA,28,21,7,7,0.9,0.8
2026-08-08T0100,4129A,113.8666,23.1062,东莞市,裕兴路,,36,36,34,17,16,50,50,NA,NA,19,18,8,9,0.6,0.5
2026-08-08T0100,4130A,114.0076,22.9739,东莞市,教育路1号,颗粒物(PM10),60,64,43,39,23,54,54,NA,NA,29,22,8,9,0.9,0.7
2026-08-08T0100,4131A,113.7981,22.8124,东莞市,长怡路1号,颗粒物(PM10),58,60,38,32,19,38,38,NA,NA,36,15,6,6,0.8,0.7
2026-08-08T0100,1666A,118.6612,37.4313,东营市,市环保局,,23,19,22,3,14,73,73,NA,NA,5,8,5,6,0.2,0.4
2026-08-08T0100,3036A,118.6903,37.4337,东营市,开发区管委会,,24,23,29,3,13,74,74,NA,NA,8,10,5,7,0.4,0.6
2026-08-08T0100,3365A,118.5721,37.5654,东营市,垦利区民丰路,,27,27,27,3,12,75,75,NA,NA,3,8,7,7,0.6,0.7
2026-08-08T0100,3498A,118.5063,37.8606,东营市,河口城区,,34,34,38,6,18,80,80,NA,NA,8,8,4,8,0.4,0.6
2026-08-08T0100,3646A,118.4979,37.4623,东营市,胜利站,,39,39,40,3,14,81,81,NA,NA,2,7,9,11,0.8,0.9
2026-08-08T0100,3734A,118.5753,37.4405,东营市,理想之城,,29,29,29,3,9,68,68,NA,NA,3,8,6,9,0.5,0.6
2026-08-08T0100,1591A,110.0024,39.8127,鄂尔多斯市,综合楼,颗粒物(PM10),58,61,48,23,26,60,60,NA,NA,45,21,11,7,0.8,0.9
2026-08-08T0100,1592A,109.9485,39.8259,鄂尔多斯市,巴音孟克林场办事处,颗粒物(PM10),53,53,44,22,24,86,86,NA,NA,21,19,9,5,0.7,0.8
2026-08-08T0100,1593A,109.7734,39.5987,鄂尔多斯市,康泽苑,,41,41,36,23,23,32,32,NA,NA,23,12,8,8,0.4,0.4
2026-08-08T0100,1594A,109.8121,39.5987,鄂尔多斯市,华泰汽车城,颗粒物(PM10),56,58,40,29,22,9,9,NA,NA,54,23,2,6,0.7,0.7
2026-08-08T0100,1595A,109.9734,39.7884,鄂尔多斯市,奥林花园,颗粒物(PM10),60,63,46,32,26,48,48,NA,NA,37,21,5,6,0.6,0.7
2026-08-08T0100,2436A,114.894,30.3989,鄂州市,市政府,,29,29,25,10,15,86,86,NA,NA,8,8,3,3,0.5,0.4
2026-08-08T0100,2437A,114.8986,30.3714,鄂州市,赵家坝,,29,27,29,15,14,92,92,NA,NA,6,9,7,5,0.5,0.5
2026-08-08T0100,3654A,114.8093,30.4091,鄂州市,精准医疗中心,,19,19,25,12,16,44,44,NA,NA,22,9,4,4,0.6,0.6
2026-08-08T0100,2454A,109.4978,30.2979,恩施土家族苗族自治州,湖北民院,,22,22,25,10,13,33,33,NA,NA,8,5,6,6,0.5,0.5
2026-08-08T0100,3549A,109.5061,30.3771,恩施土家族苗族自治州,龙凤新区,,26,26,22,15,15,25,25,NA,NA,4,5,6,5,0.4,0.3
2026-08-08T0100,2499A,108.3411,21.6159,防城港市,沙万,,36,36,32,22,17,63,63,NA,NA,11,11,3,4,0.5,0.5
2026-08-08T0100,2500A,108.3515,21.7733,防城港市,防城档案局,,30,NA,27,21,15,56,56,NA,NA,5,9,3,4,0.5,0.6
2026-08-08T0100,2501A,108.3506,21.6414,防城港市,大海花园,,32,27,26,22,17,73,73,NA,NA,8,9,8,9,0.5,0.6
2026-08-08T0100,1371A,113.1293,23.0065,佛山市,湾梁,,35,31,34,24,29,43,43,NA,NA,32,21,/,/,/,/
2026-08-08T0100,1372A,113.1082,23.0477,佛山市,华材职中,细颗粒物(PM2.5),60,41,36,40,31,17,17,NA,NA,44,20,8,9,0.8,0.6
2026-08-08T0100,1373A,113.1439,23.045,佛山市,南海气象局,,42,NA,38,29,28,34,34,NA,NA,36,21,/,/,/,/
2026-08-08T0100,1374A,113.2879,22.8094,佛山市,顺德苏岗,细颗粒物(PM2.5),62,42,33,41,26,47,47,NA,NA,36,21,/,/,0.8,0.7
2026-08-08T0100,1376A,112.8384,22.8678,佛山市,高明孔堂,,43,42,36,30,24,64,64,NA,NA,22,13,/,/,/,/
2026-08-08T0100,1377A,112.8835,23.1584,佛山市,三水监测站,颗粒物(PM10),55,56,47,31,37,8,8,NA,NA,52,26,8,7,0.7,0.6
2026-08-08T0100,1378A,112.8668,23.185,佛山市,三水云东海,,50,50,48,28,34,3,3,NA,NA,35,20,/,/,/,/
2026-08-08T0100,3625A,113.2568,22.7629,佛山市,容桂街道办,细颗粒物(PM2.5),88,NA,28,54,26,67,67,NA,NA,27,18,/,/,/,/
2026-08-08T0100,1282A,119.2681,26.0506,福州市,师大,,23,23,24,9,12,43,43,NA,NA,6,6,4,4,0.3,0.3
2026-08-08T0100,1283A,119.2983,26.1028,福州市,五四北路,,23,23,26,12,17,29,29,NA,NA,14,11,4,4,0.4,0.4
2026-08-08T0100,1284A,119.2648,26.0769,福州市,杨桥西路,,24,24,24,7,13,32,32,NA,NA,11,9,4,4,/,/
2026-08-08T0100,3048A,119.5799,26.0937,福州市,九龙,,32,32,29,16,15,54,54,NA,NA,14,9,5,6,0.5,0.5
2026-08-08T0100,3526A,119.5188,25.9666,福州市,吴航,,24,24,27,15,18,44,44,NA,NA,16,11,6,7,0.6,0.6
2026-08-08T0100,4104A,119.3106,26.0648,福州市,路通桥巷6号,,26,22,25,18,18,34,34,NA,NA,10,8,/,/,/,/
2026-08-08T0100,1755A,123.7974,41.8494,抚顺市,望花区,,20,20,25,3,11,63,63,NA,NA,8,10,10,10,0.5,0.6
2026-08-08T0100,1756A,123.9161,41.8827,抚顺市,顺城区,,21,NA,17,6,10,67,67,NA,NA,6,9,7,7,0.4,0.6
2026-08-08T0100,1757A,124.0437,41.8615,抚顺市,东洲区,,21,7,17,3,10,66,66,NA,NA,7,10,7,8,0.2,0.4
2026-08-08T0100,1758A,123.9246,41.8638,抚顺市,新抚区,,22,11,23,6,11,68,68,NA,NA,5,9,6,7,0.4,0.6
2026-08-08T0100,1759A,124.0972,41.8961,抚顺市,大伙房水库,,22,13,15,3,9,68,68,NA,NA,7,10,10,10,0.2,0.4
2026-08-08T0100,1760A,123.708,41.8386,抚顺市,沈抚新城,,19,8,25,3,10,60,60,NA,NA,10,11,5,6,0.5,0.7
2026-08-08T0100,2377A,116.3544,27.9833,抚州市,市站,,38,38,44,18,27,86,86,NA,NA,6,5,4,3,0.7,0.7
2026-08-08T0100,2378A,116.3562,27.9631,抚州市,血防站,,36,36,44,16,22,88,88,NA,NA,5,5,7,7,0.7,0.7
2026-08-08T0100,2379A,116.3561,28.0007,抚州市,采茶剧团,,40,40,42,26,23,88,88,NA,NA,8,7,14,15,0.7,0.8
2026-08-08T0100,2380A,116.3854,27.9648,抚州市,医学分院,,36,36,38,19,22,91,91,NA,NA,5,5,5,5,0.8,0.8
2026-08-08T0100,2207A,121.6095,41.9978,阜新市,工业园区,,22,20,23,3,2,69,69,NA,NA,13,10,2,2,0.3,0.4
2026-08-08T0100,2208A,121.6567,42.0188,阜新市,长青街,,20,8,19,8,4,63,63,NA,NA,2,3,6,6,0.3,0.5
2026-08-08T0100,2209A,121.6672,42.07,阜新市,农业园区,,21,10,17,6,2,66,66,NA,NA,8,7,2,2,0.3,0.6
2026-08-08T0100,2211A,121.6343,42.0455,阜新市,玉龙新城,,24,12,18,3,2,74,74,NA,NA,10,9,4,3,0.3,0.5
2026-08-08T0100,2301A,115.8276,32.8929,阜阳市,市监测站,细颗粒物(PM2.5),70,NA,41,45,27,108,108,NA,NA,18,18,7,7,0.6,0.5
2026-08-08T0100,2303A,115.8551,32.8606,阜阳市,开发区,细颗粒物(PM2.5),60,41,44,40,25,107,107,NA,NA,16,15,5,5,0.6,0.6
2026-08-08T0100,2875A,115.783962,32.889217,阜阳市,阜阳职业技术学院,细颗粒物(PM2.5),56,47,43,38,24,128,128,NA,NA,10,10,4,5,0.6,0.6
2026-08-08T0100,3468A,115.79,32.8614,阜阳市,市规划展馆,细颗粒物(PM2.5),62,53,42,41,25,133,133,NA,NA,14,13,3,3,0.6,0.6
2026-08-08T0100,3469A,115.835101,32.918568,阜阳市,枣园社区,细颗粒物(PM2.5),88,57,45,54,27,89,89,NA,NA,16,15,4,5,0.7,0.7
2026-08-08T0100,2669A,102.9097,34.9841,甘南藏族自治州,州政府,颗粒物(PM10),62,66,36,26,14,12,12,NA,NA,41,18,5,6,0.3,0.3
2026-08-08T0100,3380A,102.8915,34.9618,甘南藏族自治州,甘肃民族师范学院,NA,NA,NA,37,NA,19,NA,NA,136,NA,NA,21,NA,5,NA,0.5
2026-08-08T0100,2570A,101.96,30.048,甘孜藏族自治州,水桥子,,22,22,13,10,4,6,6,NA,NA,34,23,3,3,0.3,0.3
2026-08-08T0100,3065A,101.9534,29.9976,甘孜藏族自治州,州环保局,,20,20,12,7,7,1,1,NA,NA,37,24,4,4,0.4,0.3
2026-08-08T0100,2363A,114.9368,25.8663,赣州市,地委,,29,29,31,17,17,48,48,NA,NA,4,7,3,2,0.8,0.7
2026-08-08T0100,2364A,114.946,25.8483,赣州市,气象台,,28,28,26,14,18,37,37,NA,NA,12,9,4,6,0.8,0.7
2026-08-08T0100,2365A,114.932,25.8332,赣州市,市图书馆,,36,36,27,16,17,64,64,NA,NA,13,8,4,4,1.1,1
2026-08-08T0100,2366A,114.8905,25.8472,赣州市,华坚鞋城,,35,35,32,23,20,39,39,NA,NA,16,8,2,1,0.5,0.5
2026-08-08T0100,3109A,115.0094,25.8614,赣州市,赣县区卫计委,NA,NA,20,26,13,14,NA,NA,NA,NA,23,13,2,4,0.6,0.6
2026-08-08T0100,2684A,106.2753,36.0057,固原市,监测站,,22,17,14,12,10,69,69,NA,NA,14,4,6,6,0.2,0.2
2026-08-08T0100,2685A,106.2384,36.0189,固原市,新区,,23,16,18,13,10,71,71,NA,NA,11,6,7,7,0.3,0.3
2026-08-08T0100,2544A,106.6307,30.4577,广安市,市委,,46,34,24,32,17,33,33,NA,NA,16,10,8,8,0.6,0.4
2026-08-08T0100,2545A,106.6266,30.4662,广安市,友谊中学,,36,30,24,25,16,50,50,NA,NA,17,10,10,10,0.6,0.5
2026-08-08T0100,2547A,106.6386,30.4551,广安市,广电花园,,43,NA,21,30,18,56,56,NA,NA,11,11,9,9,0.5,0.5
2026-08-08T0100,2902A,106.6347,30.4868,广安市,北辰小学,,33,28,30,23,18,54,54,NA,NA,13,10,7,8,0.4,0.4
2026-08-08T0100,2524A,105.8211,32.4444,广元市,老城,,18,18,18,6,6,47,47,NA,NA,16,11,7,9,0.4,0.5
2026-08-08T0100,2526A,105.8629,32.429,广元市,监测站,,25,25,30,3,4,38,38,NA,NA,11,12,7,8,0.6,0.6
2026-08-08T0100,3617A,105.8047,32.4167,广元市,经开区,,18,12,19,8,10,55,55,NA,NA,16,15,5,9,0.4,0.5
2026-08-08T0100,1345A,113.2346,23.1423,广州市,广雅中学,,38,38,41,23,22,24,24,NA,NA,40,30,5,5,0.8,0.8
2026-08-08T0100,1346A,113.2611,23.105,广州市,市五中,,38,38,35,26,24,53,53,NA,NA,28,23,6,5,/,/
2026-08-08T0100,1348A,113.3477,23.0916,广州市,广东商学院,,50,50,37,28,21,25,25,NA,NA,43,26,6,6,0.7,0.5
2026-08-08T0100,1349A,113.4332,23.105,广州市,市八十六中,,39,31,20,27,13,18,18,NA,NA,49,29,6,6,/,/
2026-08-08T0100,1350A,113.3506,22.9488,广州市,番禺中学,,48,45,37,33,23,36,36,NA,NA,38,20,7,8,0.6,0.5
2026-08-08T0100,1351A,113.2147,23.3918,广州市,花都师范,,39,39,41,20,25,50,50,NA,NA,22,22,5,5,0.7,0.6
2026-08-08T0100,1352A,113.2599,23.1329,广州市,市监测站,颗粒物(PM10),56,58,46,30,23,33,33,NA,NA,33,18,3,3,/,/
2026-08-08T0100,1353A,113.5618,23.3119,广州市,九龙镇镇龙,,25,25,40,15,24,26,26,NA,NA,29,25,8,9,0.7,0.8
2026-08-08T0100,1354A,113.2764,23.1544,广州市,麓湖,,44,44,36,28,22,6,6,NA,NA,48,26,5,5,0.6,0.5
2026-08-08T0100,2846A,113.3209,23.1323,广州市,体育西,,46,46,37,28,21,15,15,NA,NA,61,30,7,7,0.8,0.6
2026-08-08T0100,3298A,113.5718,23.5493,广州市,从化街口,,31,31,34,17,24,11,11,NA,NA,20,16,9,9,0.7,0.7
2026-08-08T0100,3299A,113.3463,23.369,广州市,白云竹料,,18,17,42,12,24,31,31,NA,NA,23,26,3,4,0.5,0.5
2026-08-08T0100,3300A,113.2981,23.2365,广州市,白云嘉禾,颗粒物(PM10),53,54,42,32,24,5,5,NA,NA,61,35,6,6,/,/
2026-08-08T0100,3301A,113.4256,23.1716,广州市,黄埔科学城,,40,37,34,28,23,27,27,NA,NA,32,24,5,6,0.9,0.8
2026-08-08T0100,3302A,113.3942,23.0485,广州市,番禺大学城,,47,47,42,28,20,29,29,NA,NA,40,24,8,8,0.5,0.4
2026-08-08T0100,3303A,113.4923,22.8169,广州市,南沙黄阁,,50,45,38,35,28,55,55,NA,NA,47,26,8,8,/,/
2026-08-08T0100,3304A,113.534,22.7893,广州市,南沙街,,48,46,35,33,23,65,65,NA,NA,35,20,10,11,0.9,0.8
2026-08-08T0100,3443A,113.2905,23.5541,广州市,花都梯面,,36,30,41,25,30,1,1,NA,NA,31,22,4,4,/,/
2026-08-08T0100,3445A,113.786,23.7479,广州市,从化良口,,26,26,26,16,19,11,11,NA,NA,16,10,5,5,/,/
2026-08-08T0100,3446A,113.805,23.2614,广州市,增城荔城,,15,14,26,8,17,47,47,NA,NA,11,20,8,9,0.7,0.8
2026-08-08T0100,2506A,109.604387,23.066791,贵港市,江南子站,颗粒物(PM10),83,95,42,45,26,14,14,NA,NA,39,15,5,4,0.6,0.5
2026-08-08T0100,2508A,109.5669,23.1065,贵港市,荷城子站,颗粒物(PM10),55,56,34,21,21,30,30,NA,NA,32,11,4,3,0.7,0.7
2026-08-08T0100,3405A,109.5886,23.1172,贵港市,新世纪学校,,28,24,33,19,24,63,63,NA,NA,10,12,/,/,0.7,0.7
2026-08-08T0100,4260A,109.5933,23.095,贵港市,中山路155-3号,,46,46,42,28,27,60,60,NA,NA,14,11,/,/,0.6,0.6
2026-08-08T0100,1439A,106.6863,26.6035,贵阳市,马鞍山,,18,14,14,12,9,39,39,NA,NA,7,7,3,2,/,/
2026-08-08T0100,1441A,106.6241,26.6266,贵阳市,鉴湖路,,27,27,28,10,8,51,51,NA,NA,6,7,6,6,0.6,0.6
2026-08-08T0100,1442A,106.7468,26.6344,贵阳市,燕子冲,,29,29,20,16,9,27,27,NA,NA,12,10,5,5,0.6,0.5
2026-08-08T0100,1443A,106.6556,26.4362,贵阳市,碧云窝,,31,31,30,14,10,27,27,NA,NA,17,11,5,6,/,/
2026-08-08T0100,1445A,106.6963,26.6063,贵阳市,红边门,,18,17,17,12,8,41,41,NA,NA,9,8,7,7,/,/
2026-08-08T0100,1446A,106.7162383,26.56964667,贵阳市,新华路,,29,29,25,15,9,46,46,NA,NA,12,13,6,6,0.4,0.3
2026-08-08T0100,1447A,106.6742,26.542,贵阳市,太慈桥,,19,19,19,11,9,21,21,NA,NA,13,10,2,4,/,/
2026-08-08T0100,4230A,106.688212,26.56952,贵阳市,花果园大街66号,,32,32,22,15,11,45,45,NA,NA,11,12,2,3,/,/
2026-08-08T0100,4231A,106.687268,26.516892,贵阳市,漓江路57号,,20,17,17,14,9,33,33,NA,NA,12,11,2,3,0.6,0.5
2026-08-08T0100,1864A,110.3091,25.2705,桂林市,龙隐路小学,,24,24,31,16,21,65,65,NA,NA,6,6,4,6,0.6,0.6
2026-08-08T0100,1865A,110.2849361,25.22909545,桂林市,八中,,21,15,32,13,14,66,66,NA,NA,8,11,4,6,0.5,0.5
2026-08-08T0100,3531A,110.296,25.1254,桂林市,旅游学院,,38,NA,33,26,24,60,60,NA,NA,6,9,2,3,0.4,0.4
2026-08-08T0100,4222A,110.1835,25.2444,桂林市,环湖路276号,,32,27,30,22,24,66,66,NA,NA,7,8,17,22,0.5,0.5
2026-08-08T0100,4301A,110.2803,25.2773,桂林市,信义路13号,,26,26,33,17,23,62,62,NA,NA,5,8,4,7,0.6,0.6
2026-08-08T0100,2674A,100.2262,34.4854,果洛藏族自治州,玛沁县大武镇,,22,22,21,14,9,63,63,NA,NA,6,2,14,13,0.4,0.4
2026-08-08T0100,1130A,126.5557,45.8109,哈尔滨市,松北商大,,31,31,16,21,13,27,27,NA,NA,16,7,5,5,0.4,0.5
2026-08-08T0100,1132A,126.6162,45.719,哈尔滨市,南岗学府路,,28,28,22,3,8,34,34,NA,NA,11,6,5,5,0.4,0.3
2026-08-08T0100,1133A,126.6894,45.7733,哈尔滨市,太平宏伟公园,,12,12,17,8,6,25,25,NA,NA,22,10,6,6,0.2,0.2
2026-08-08T0100,1134A,126.6361,45.7672,哈尔滨市,道外承德广场,,41,41,33,9,8,32,32,NA,NA,14,7,6,6,0.5,0.2
2026-08-08T0100,1136A,126.644,45.7261,哈尔滨市,动力和平路,,22,22,16,3,6,35,35,NA,NA,13,6,4,4,0.4,0.4
2026-08-08T0100,1137A,126.5933,45.7479,哈尔滨市,道里建国路,,22,22,13,9,6,41,41,NA,NA,8,4,5,5,0.2,0.2
2026-08-08T0100,1138A,126.6127,45.6119,哈尔滨市,平房东轻厂,,49,49,28,8,8,16,16,NA,NA,28,13,9,7,0.7,0.5
2026-08-08T0100,1139A,126.5875,45.9827,哈尔滨市,呼兰师专,,18,12,13,12,7,34,34,NA,NA,9,5,8,9,0.5,0.4
2026-08-08T0100,1140A,126.6299,45.6799,哈尔滨市,省农科院,,22,22,18,6,8,36,36,NA,NA,12,8,5,5,0.5,0.4
2026-08-08T0100,4282A,126.6769,45.7379,哈尔滨市,华山路1号,,13,12,14,3,6,40,40,NA,NA,10,4,7,7,0.2,0.2
2026-08-08T0100,4283A,126.9717,45.5356,哈尔滨市,解放大街52号,,30,30,18,9,6,19,19,NA,NA,24,13,8,11,0.4,0.7
2026-08-08T0100,2688A,93.5124,42.8176,哈密市,地区监测站,颗粒物(PM10),65,71,32,24,11,106,106,NA,NA,5,7,2,4,0.2,0.3
2026-08-08T0100,2689A,93.5014,42.8312,哈密市,哈密师范学校,颗粒物(PM10),56,58,29,22,10,102,102,NA,NA,7,8,6,6,0.1,0.2
2026-08-08T0100,2671A,100.9016,36.9464,海北藏族自治州,海晏县西海镇,,31,29,25,21,15,97,97,NA,NA,6,4,9,9,0.5,0.4
2026-08-08T0100,3867A,102.074,36.5056,海东市,平安区公安局北苑,,30,29,30,19,16,94,94,NA,NA,3,7,8,9,0.3,0.6
2026-08-08T0100,4163A,102.0984,36.5119,海东市,滨河路,细颗粒物(PM2.5),52,NA,26,36,20,73,73,NA,NA,31,30,7,9,0.6,0.8
2026-08-08T0100,1410A,110.3189,20.0596,海口市,海南大学,,13,13,11,9,6,34,34,NA,NA,8,10,4,4,0.4,0.4
2026-08-08T0100,1411A,110.2827,20.0051,海口市,秀英海南医院,,17,17,10,7,7,33,33,NA,NA,8,12,5,5,0.3,0.3
2026-08-08T0100,1412A,110.3391,19.9979,海口市,海南师范大学,,16,16,14,9,7,32,32,NA,NA,6,11,3,3,0.4,0.5
2026-08-08T0100,1413A,110.3303,20.0359,海口市,龙华路环保局宿舍,,16,16,11,8,6,39,39,NA,NA,6,9,/,/,0.4,0.3
2026-08-08T0100,3539A,110.5111,19.9737,海口市,桂林洋子站,,21,21,17,9,7,20,20,NA,NA,11,9,/,/,/,/
2026-08-08T0100,4134A,110.1952,20.0451,海口市,长滨二路9号,,17,17,11,8,5,25,25,NA,NA,10,10,/,/,/,/
2026-08-08T0100,2673A,100.6158,36.2985,海南藏族自治州,共和县恰卜恰镇,,33,30,27,20,16,103,103,NA,NA,20,7,12,10,0.5,0.5
2026-08-08T0100,2676A,97.373,37.376,海西蒙古族藏族自治州,德令哈市,,45,15,21,12,9,143,143,NA,NA,2,1,13,11,0.2,0.3
2026-08-08T0100,1049A,114.492,36.5712,邯郸市,矿院,细颗粒物(PM2.5),52,45,45,36,35,113,113,NA,NA,2,10,1,8,0.5,1.3
2026-08-08T0100,1050A,114.4839,36.6136,邯郸市,丛台公园,,46,46,48,29,33,104,104,NA,NA,3,9,6,13,0.4,1.3
2026-08-08T0100,3458A,114.7893,36.5592,邯郸市,香泉濮院小区,NA,NA,NA,38,40,35,94,94,NA,NA,8,16,3,3,NA,0.5
2026-08-08T0100,3580A,114.1998,36.4439,邯郸市,峰峰矿区临水派出所,,50,48,50,35,39,111,111,NA,NA,9,6,1,5,0.5,0.6
2026-08-08T0100,4068A,114.5209,36.7697,邯郸市,建安街268号,颗粒物(PM10),53,53,48,33,29,97,97,NA,NA,12,15,3,3,0.4,0.5
2026-08-08T0100,4069A,114.5488,36.6177,邯郸市,丛台东路558号,细颗粒物(PM2.5),76,NA,59,48,37,99,99,NA,NA,10,17,3,8,0.5,1
2026-08-08T0100,2635A,107.0155,33.0707,汉中市,市监测站,,12,12,13,7,7,29,29,NA,NA,5,5,4,4,0.4,0.3
2026-08-08T0100,2636A,107.0083,33.114,汉中市,鑫源开发区,,24,24,15,10,6,20,20,NA,NA,11,7,5,5,0.3,0.3
2026-08-08T0100,2637A,107.0072,33.0323,汉中市,南郑大河坎水厂,,19,19,14,7,7,21,21,NA,NA,7,6,2,3,0.6,0.6
2026-08-08T0100,1223A,120.2073,30.2111,杭州市,滨江,,33,33,27,16,14,58,58,NA,NA,12,14,5,5,0.3,0.3
2026-08-08T0100,1224A,120.0625,30.2737,杭州市,西溪,,20,16,21,14,18,58,58,NA,NA,7,7,4,4,0.5,0.6
2026-08-08T0100,1226A,120.3417,30.315,杭州市,下沙,,27,27,24,17,17,59,59,NA,NA,11,14,6,5,0.6,0.6
2026-08-08T0100,1227A,120.1252,30.2465,杭州市,卧龙桥,,24,24,23,15,14,64,64,NA,NA,7,9,6,6,0.6,0.6
2026-08-08T0100,1228A,120.1902,30.2691,杭州市,浙江农大,,27,27,25,16,14,57,57,NA,NA,10,14,6,6,0.5,0.5
2026-08-08T0100,1230A,120.1195,30.3121,杭州市,和睦小学,,22,21,24,15,15,56,56,NA,NA,9,8,6,7,0.7,0.7
2026-08-08T0100,1231A,120.3076,30.4146,杭州市,临平镇,,35,35,24,17,15,59,59,NA,NA,5,5,7,7,0.5,0.5
2026-08-08T0100,1232A,120.2753,30.1839,杭州市,城厢镇,,27,27,30,14,16,53,53,NA,NA,9,8,6,6,0.5,0.5
2026-08-08T0100,1233A,120.0883,30.1808,杭州市,云栖,,22,20,23,15,13,62,62,NA,NA,8,10,6,6,0.6,0.6
2026-08-08T0100,3557A,119.9463,30.0496,杭州市,镇二中,,19,17,21,13,16,60,60,NA,NA,9,14,6,6,0.7,0.8
2026-08-08T0100,3558A,119.7184,30.2367,杭州市,市府大楼,,19,12,18,9,17,59,59,NA,NA,6,8,8,8,0.3,0.4
2026-08-08T0100,3656A,120.1554,30.2863,杭州市,消防大队,,23,22,23,16,16,63,63,NA,NA,2,3,9,9,0.6,0.6
2026-08-08T0100,1270A,117.1957,31.7845,合肥市,明珠广场,,23,19,24,11,13,73,73,NA,NA,7,13,8,8,0.4,0.6
2026-08-08T0100,1271A,117.307,31.8765,合肥市,三里街,,22,17,18,12,12,69,69,NA,NA,6,8,10,10,0.3,0.3
2026-08-08T0100,2264A,127.5146,50.2339,黑河市,环保局,,19,NA,30,13,15,35,35,NA,NA,6,9,5,6,0.4,0.4
2026-08-08T0100,1074A,115.6839,37.754,衡水市,电机北厂,,40,40,51,19,28,87,87,NA,NA,5,8,5,3,0.6,0.6
2026-08-08T0100,1075A,115.6303,37.7318,衡水市,市监测站,,42,42,51,22,24,86,86,NA,NA,3,7,12,8,0.6,0.7
2026-08-08T0100,3188A,115.6684,37.7216,衡水市,市城管局,,31,31,44,21,26,80,80,NA,NA,3,5,3,4,0.2,0.4
2026-08-08T0100,3459A,115.599,37.5491,衡水市,地表水厂,,44,44,50,13,29,92,92,NA,NA,2,11,1,9,0.2,0.3
2026-08-08T0100,2457A,112.6209,26.9268,衡阳市,衡阳化工总厂,,33,33,36,17,23,91,91,NA,NA,7,8,5,8,0.5,0.5
2026-08-08T0100,2458A,112.621,26.8957,衡阳市,珠晖区环保局,,27,21,35,17,20,86,86,NA,NA,14,12,7,9,0.8,0.8
2026-08-08T0100,2459A,112.628,26.8654,衡阳市,市委党校,,28,23,28,19,21,88,88,NA,NA,7,5,6,6,0.4,0.3
2026-08-08T0100,2460A,112.6007,26.8977,衡阳市,市监测站,,33,19,31,14,23,105,105,NA,NA,5,8,1,4,0.6,0.7
2026-08-08T0100,2461A,112.5658,26.9013,衡阳市,真空机电公司,,31,NA,29,20,24,99,99,NA,NA,7,8,6,7,0.9,1
2026-08-08T0100,3399A,112.6703,26.8817,衡阳市,师范学院,,39,27,32,27,22,95,95,NA,NA,6,6,11,11,0.8,0.8
2026-08-08T0100,3038A,103.3757,23.3679,红河哈尼族彝族自治州,州图书馆,,22,16,12,15,11,26,26,NA,NA,4,3,4,4,0.4,0.4
2026-08-08T0100,4154A,103.401,23.3561,红河哈尼族彝族自治州,蒙自市朝阳路,,22,NA,12,15,9,12,12,NA,NA,10,5,5,5,0.4,0.4
2026-08-08T0100,1090A,111.6506,40.7517,呼和浩特市,呼市一监,,34,34,33,17,18,82,82,NA,NA,11,9,11,10,0.6,0.7
2026-08-08T0100,1094A,111.7516,40.8369,呼和浩特市,如意水处理厂,,46,37,29,32,24,50,50,NA,NA,32,14,5,5,0.7,0.7
2026-08-08T0100,1095A,111.727798,40.806187,呼和浩特市,二十九中,,44,44,33,20,22,59,59,NA,NA,28,11,11,10,0.7,0.6
2026-08-08T0100,1097A,111.717,40.7617,呼和浩特市,化肥厂生活区,,35,35,33,22,24,77,77,NA,NA,20,15,14,13,0.5,0.6
2026-08-08T0100,3699A,111.6519,40.8389,呼和浩特市,海东办,,29,29,28,20,9,66,66,NA,NA,24,22,7,8,0.5,0.4
2026-08-08T0100,4275A,111.591512,40.827312,呼和浩特市,成吉思汗西街8号,,31,31,36,15,18,43,43,NA,NA,38,29,5,5,0.4,0.5
2026-08-08T0100,4276A,111.6597,40.8077,呼和浩特市,公园东路75号,,31,31,30,20,16,69,69,NA,NA,20,13,7,7,0.4,0.3
2026-08-08T0100,4277A,111.5427,40.7846,呼和浩特市,金海路35号,颗粒物(PM10),53,54,39,25,17,57,57,NA,NA,30,23,4,5,0.6,0.6
2026-08-08T0100,3061A,119.7511,49.1576,呼伦贝尔市,国华电力东,,49,49,35,26,20,1,1,NA,NA,24,10,4,5,0.3,0.3
2026-08-08T0100,4279A,119.7569,49.2222,呼伦贝尔市,伊敏大街东7号,NA,NA,38,34,17,21,NA,NA,NA,NA,49,17,6,5,0.5,0.3
2026-08-08T0100,1250A,120.075,30.867,湖州市,城西水厂,,31,31,25,19,16,78,78,NA,NA,5,6,6,6,0.3,0.4
2026-08-08T0100,2873A,120.083,30.8929,湖州市,仁皇山新区,,29,29,25,19,17,68,68,NA,NA,10,9,5,6,0.5,0.5
2026-08-08T0100,2907A,120.1846,30.8592,湖州市,吴兴区站,,31,31,24,21,17,68,68,NA,NA,5,5,6,6,0.6,0.6
2026-08-08T0100,3562A,120.4146,30.8538,湖州市,南浔区站,,26,21,24,18,17,66,66,NA,NA,9,10,6,5,0.4,0.4
2026-08-08T0100,1607A,120.904878,40.721091,葫芦岛市,龙港区,,19,16,30,6,16,58,58,NA,NA,16,14,1,3,0.2,0.3
2026-08-08T0100,1608A,120.8382,40.7521,葫芦岛市,化工街,,22,17,41,10,13,68,68,NA,NA,8,18,4,11,0.2,0.3
2026-08-08T0100,1609A,120.8339,40.7078,葫芦岛市,新区,,21,NA,29,10,13,67,67,NA,NA,11,15,3,6,0.5,0.5
2026-08-08T0100,1610A,120.8697,40.7679,葫芦岛市,东城区,,21,NA,33,13,23,65,65,NA,NA,14,14,6,8,0.3,0.2
2026-08-08T0100,2483A,109.9297,27.5383,怀化市,河西地税局,,20,20,26,14,16,40,40,NA,NA,13,10,6,7,/,/
2026-08-08T0100,2484A,109.9783,27.5342,怀化市,市四医院,,20,19,30,14,13,53,53,NA,NA,6,8,5,5,0.4,0.4
2026-08-08T0100,2485A,109.9971,27.5579,怀化市,监测楼,,29,29,30,16,19,46,46,NA,NA,7,7,18,10,0.4,0.3
2026-08-08T0100,1210A,119.0566,33.5991,淮安市,钵池山,,33,27,25,23,16,32,32,NA,NA,22,8,1,1,0.6,0.6
2026-08-08T0100,1211A,119.0083,33.578,淮安市,北京南路,,40,NA,26,28,17,57,57,NA,NA,8,4,5,5,0.9,0.8
2026-08-08T0100,1212A,118.9938,33.6083,淮安市,市监测站,,42,NA,15,29,17,52,52,NA,NA,19,12,10,8,0.6,0.6
2026-08-08T0100,1213A,119.135,33.5038,淮安市,楚州区监测站,,29,20,20,20,15,77,77,NA,NA,4,6,5,5,0.5,0.5
2026-08-08T0100,3426A,118.8757,33.2897,淮安市,新华书店,,38,30,26,26,16,54,54,NA,NA,11,6,10,8,0.9,0.8
2026-08-08T0100,4092A,119.119691,33.550006,淮安市,枚皋中路89号,,36,25,25,25,16,53,53,NA,NA,15,9,4,4,0.6,0.5
2026-08-08T0100,4206A,119.028838,33.631911,淮安市,承德北路606号,,40,NA,26,28,18,33,33,NA,NA,23,9,5,6,0.5,0.5
2026-08-08T0100,2282A,116.8005,33.9749,淮北市,监测站,,40,40,44,27,27,126,126,NA,NA,11,9,4,4,0.6,0.5
2026-08-08T0100,2283A,116.8094,33.9008,淮北市,烈山区政府,,37,36,48,25,26,116,116,NA,NA,5,6,3,5,0.5,0.6
2026-08-08T0100,4017A,116.7926,33.9534,淮北市,市博物馆,NA,NA,NA,41,25,30,117,117,NA,NA,12,8,3,4,0.5,0.5
2026-08-08T0100,4100A,116.8322,33.9884,淮北市,杜集区第一实验学校,,39,39,49,24,26,94,94,NA,NA,13,9,5,6,0.8,0.8
2026-08-08T0100,2277A,116.8304,32.7726,淮南市,潘集区政府,,48,33,32,33,23,66,66,NA,NA,16,13,18,7,0.5,0.4
2026-08-08T0100,2279A,116.8569,32.5949,淮南市,谢家集区政府,,42,39,29,29,22,64,64,NA,NA,17,10,8,8,0.4,0.3
2026-08-08T0100,2280A,116.8279,32.6333,淮南市,八公山区政府,,48,47,34,33,20,72,72,NA,NA,10,10,8,9,0.4,0.3
2026-08-08T0100,2894A,117.0561,32.6536,淮南市,经济技术开发区消防队,,35,35,32,22,21,72,72,NA,NA,22,16,12,11,0.5,0.4
2026-08-08T0100,3329A,117.011,32.5891,淮南市,山南新区,,39,31,23,27,19,79,79,NA,NA,15,13,15,14,0.4,0.2
2026-08-08T0100,4209A,117.003137,32.644456,淮南市,国庆中路369号,,32,28,33,22,21,75,75,NA,NA,8,9,14,15,0.5,0.4
2026-08-08T0100,2446A,114.9021,30.474,黄冈市,职工中心,,27,NA,18,13,15,85,85,NA,NA,4,5,8,7,0.5,0.5
2026-08-08T0100,2929A,114.8858,30.4519,黄冈市,红卫路,,30,17,20,10,16,95,95,NA,NA,6,7,7,7,0.5,0.5
2026-08-08T0100,3398A,114.9134,30.4446,黄冈市,市林业局,,31,NA,17,15,14,98,98,NA,NA,5,6,4,4,0.4,0.4
2026-08-08T0100,2672A,102.02,35.5101,黄南藏族自治州,同仁县隆务镇,,35,35,21,12,12,96,96,NA,NA,1,2,8,8,0.2,0.3
2026-08-08T0100,2295A,118.2905,29.6965,黄山市,延安路89号,,32,26,27,22,24,34,34,NA,NA,6,5,2,2,0.6,0.6
2026-08-08T0100,2297A,118.1369,30.2755,黄山市,黄山区政府5号楼,,35,NA,31,24,20,36,36,NA,NA,5,4,3,3,0.5,0.5
2026-08-08T0100,4210A,118.335445,29.720283,黄山市,滨江东路7-2号,,35,35,37,21,18,39,39,NA,NA,8,5,/,/,/,/
2026-08-08T0100,2423A,115.0547,30.2332,黄石市,沈家营,,24,24,29,16,15,69,69,NA,NA,8,8,5,4,0.5,0.5
2026-08-08T0100,2426A,114.899,30.211,黄石市,铁山,,25,25,30,15,16,76,76,NA,NA,4,10,4,4,0.4,0.5
2026-08-08T0100,2427A,115.0259,30.2108,黄石市,团城山,,28,28,31,16,16,64,64,NA,NA,3,7,4,4,0.6,0.6
2026-08-08T0100,3149A,115.0174,30.1591,黄石市,笔架山北路,,42,42,45,14,15,70,70,NA,NA,4,9,5,6,0.6,0.6
2026-08-08T0100,4185A,115.078022,30.21118,黄石市,磁湖东路29号,,26,26,32,14,16,37,37,NA,NA,28,16,3,4,0.5,0.5
2026-08-08T0100,1392A,114.4181,23.0528,惠州市,河南岸金山湖子站,,45,45,38,25,23,45,45,NA,NA,23,19,9,9,0.7,0.7
2026-08-08T0100,1393A,114.4055,23.0824,惠州市,下埔横江三路子站,,46,45,41,32,24,48,48,NA,NA,22,20,5,5,0.6,0.6
2026-08-08T0100,1395A,114.4645,22.7832,惠州市,惠阳区承修路船湖子站,细颗粒物(PM2.5),86,95,59,53,36,79,79,NA,NA,36,25,6,4,0.8,0.7
2026-08-08T0100,1396A,114.5316,22.7423,惠州市,大亚湾管委会子站,颗粒物(PM10),61,65,46,38,28,66,66,NA,NA,36,28,6,6,0.8,0.6
2026-08-08T0100,3314A,114.4334,22.8134,惠州市,惠阳秋长,细颗粒物(PM2.5),78,85,61,49,32,60,60,NA,NA,44,29,/,/,/,/
2026-08-08T0100,3452A,114.6521,22.7755,惠州市,大亚湾霞涌,,26,21,28,18,17,57,57,NA,NA,19,21,/,/,/,/
2026-08-08T0100,4300A,114.4089,23.1147,惠州市,文华一路1号,,44,44,40,27,23,29,29,NA,NA,32,19,/,/,/,/
2026-08-08T0100,2240A,130.9618,45.2926,鸡西市,环保局,,30,30,12,6,11,11,11,NA,NA,25,8,3,2,0.3,0.3
2026-08-08T0100,2243A,130.9294,45.2959,鸡西市,第一中学,,26,26,16,3,7,3,3,NA,NA,35,9,5,5,0.1,0.2
2026-08-08T0100,3707A,131.0069,45.2988,鸡西市,欧美日汽修厂,,40,40,16,6,8,5,5,NA,NA,20,8,2,2,0.3,0.3
2026-08-08T0100,2367A,114.9753,27.0803,吉安市,红声器材厂,,43,32,37,30,23,90,90,NA,NA,11,9,11,11,0.3,0.4
2026-08-08T0100,2369A,114.9903,27.1313,吉安市,市环境监测站,,39,39,35,24,19,82,82,NA,NA,10,7,13,12,/,/
2026-08-08T0100,2370A,115.009527,27.096792,吉安市,青原区法院,,39,39,37,27,20,90,90,NA,NA,13,12,11,8,0.3,0.4
2026-08-08T0100,1772A,126.54,43.8622,吉林市,哈达湾,NA,NA,11,14,NA,11,43,43,NA,NA,9,10,8,9,0.2,0.3
2026-08-08T0100,1773A,126.5843,43.8358,吉林市,东局子,,18,12,16,12,11,44,44,NA,NA,8,11,4,5,0.2,0.3
2026-08-08T0100,1774A,126.5051,43.8243,吉林市,电力学院,,20,NA,9,14,11,45,45,NA,NA,7,7,7,8,0.3,0.4
2026-08-08T0100,1775A,126.6133,43.8971,吉林市,江北,,16,16,21,11,9,37,37,NA,NA,5,6,7,6,0,0
2026-08-08T0100,1776A,126.5549,43.8304,吉林市,江南公园,,19,15,16,13,11,53,53,NA,NA,9,9,2,3,0.2,0.2
2026-08-08T0100,2868A,126.4737,43.953,吉林市,九站,,40,NA,20,28,16,33,33,NA,NA,21,19,22,11,1.0,0.5
2026-08-08T0100,1299A,116.9866,36.6118,济南市,科干所,,36,36,39,21,20,80,80,NA,NA,12,17,4,6,0.8,0.7
2026-08-08T0100,1300A,116.9379,36.6652,济南市,农科所,,37,37,46,16,25,84,84,NA,NA,7,20,6,5,0.2,0.3
2026-08-08T0100,1301A,117.1265,36.6736,济南市,开发区,,37,37,42,15,24,74,74,NA,NA,11,15,9,8,0.4,0.5
2026-08-08T0100,1303A,117.0616,36.6865,济南市,省种子仓库,,41,41,51,13,24,78,78,NA,NA,10,23,8,9,0.3,0.4
2026-08-08T0100,1304A,116.9495185,36.644937,济南市,机床二厂,,39,39,49,20,25,85,85,NA,NA,12,19,3,4,0.4,0.5
2026-08-08T0100,1305A,117.0496,36.6629,济南市,市监测站,,37,37,44,19,25,76,76,NA,NA,12,16,6,6,0.5,0.6
2026-08-08T0100,1306A,116.7674,36.5458,济南市,长清党校,,42,42,43,29,20,80,80,NA,NA,12,18,5,5,0.4,0.4
2026-08-08T0100,1961A,117.5323,36.6865,济南市,东山小学,,39,39,44,13,21,76,76,NA,NA,6,15,3,6,0.2,0.2
2026-08-08T0100,3059A,117.7181,36.205,济南市,泰兴公司,,41,41,41,20,25,95,95,NA,NA,6,22,1,7,0.3,0.3
2026-08-08T0100,3064A,117.6861,36.2172,济南市,莱芜战役纪念馆,,39,39,43,21,24,97,97,NA,NA,8,16,5,6,0.3,0.3
2026-08-08T0100,3494A,117.1673,36.9782,济南市,济阳区政府,,37,37,52,6,25,80,80,NA,NA,8,19,5,8,0.2,0.4
2026-08-08T0100,3495A,117.1168,36.6299,济南市,锦屏中学,,44,44,38,18,22,82,82,NA,NA,8,8,6,4,0.1,0.1
2026-08-08T0100,4108A,117.7107,36.2385,济南市,山财大街5号,,34,34,36,20,24,99,99,NA,NA,6,13,4,6,0.7,0.7
2026-08-08T0100,4109A,116.9744,36.6889,济南市,无影山路12号,,31,31,45,11,26,77,77,NA,NA,6,27,4,5,0.3,0.5
2026-08-08T0100,1653A,116.6229,35.4288,济宁市,火炬城,,48,48,52,22,29,82,82,NA,NA,13,11,6,5,0.6,0.7
2026-08-08T0100,3500A,116.5808,35.3703,济宁市,北湖一中,,46,46,55,22,29,97,97,NA,NA,7,8,3,5,0.5,0.5
2026-08-08T0100,3501A,116.8251,35.5592,济宁市,服务中心,,45,45,50,31,29,89,89,NA,NA,13,16,2,3,0.6,0.5
2026-08-08T0100,3678A,116.5907,35.4054,济宁市,市第七中学,,46,46,56,18,29,87,87,NA,NA,14,13,8,9,0.6,0.6
2026-08-08T0100,4111A,116.6075,35.4566,济宁市,任和路,,50,50,56,24,31,75,75,NA,NA,18,17,5,6,0.6,0.7
2026-08-08T0100,4112A,116.5648,35.3921,济宁市,文体南路1号,,36,32,46,25,26,94,94,NA,NA,13,13,5,5,0.5,0.4
2026-08-08T0100,4122A,112.6071,35.1015,济源市,市委党校,颗粒物(PM10),69,76,49,37,28,40,40,NA,NA,25,15,13,5,0.9,0.8
2026-08-08T0100,4123A,112.596,35.0702,济源市,沁园中路1号,细颗粒物(PM2.5),58,51,42,39,27,68,68,NA,NA,24,14,12,5,1.3,0.9
2026-08-08T0100,2255A,130.2749,46.8028,佳木斯市,佳纺,,26,26,17,7,7,37,37,NA,NA,4,4,2,2,0.1,0.1
2026-08-08T0100,2257A,130.3258,46.7975,佳木斯市,环保局,,19,19,14,6,8,42,42,NA,NA,5,6,1,2,0.2,0.2
2026-08-08T0100,4285A,130.363,46.806,佳木斯市,顺和街,,25,25,13,7,8,44,44,NA,NA,5,3,2,3,0.1,0.1
2026-08-08T0100,4286A,130.3952,46.8268,佳木斯市,长安路196号,,16,16,12,6,7,42,42,NA,NA,4,2,3,3,0.2,0.2
2026-08-08T0100,1252A,120.7439,30.778,嘉兴市,清河小学,,23,20,24,7,11,72,72,NA,NA,11,11,6,6,0.3,0.3
2026-08-08T0100,1253A,120.7261,30.7477,嘉兴市,嘉兴学院,,24,21,21,10,14,74,74,NA,NA,9,9,3,3,0.2,0.2
2026-08-08T0100,2872A,120.7845,30.7524,嘉兴市,南湖区残联,,24,24,25,10,13,71,71,NA,NA,10,10,6,5,0.5,0.5
2026-08-08T0100,3407A,120.6915,30.7741,嘉兴市,秀洲住建,,23,20,23,10,11,73,73,NA,NA,6,6,4,3,0.4,0.4
2026-08-08T0100,1945A,98.291,39.7705,嘉峪关市,气象局,颗粒物(PM10),74,83,55,30,22,115,115,NA,NA,8,10,5,5,0.5,0.5
2026-08-08T0100,2884A,98.2672,39.7978,嘉峪关市,酒钢宾馆,颗粒物(PM10),80,92,59,30,19,115,115,NA,NA,14,13,9,8,0.8,0.7
2026-08-08T0100,3248A,98.2644,39.7723,嘉峪关市,雄关区,颗粒物(PM10),70,77,54,27,18,113,113,NA,NA,8,10,4,4,0.3,0.7
2026-08-08T0100,1383A,113.1063,22.6058,江门市,北街,,46,NA,30,32,22,98,98,NA,NA,14,11,/,/,/,/
2026-08-08T0100,1384A,113.073,22.5835,江门市,西区,,49,49,33,34,23,95,95,NA,NA,20,16,/,/,/,/
2026-08-08T0100,1385A,113.0218,22.531,江门市,圭峰西,,34,34,36,23,22,74,74,NA,NA,9,13,/,/,/,/
2026-08-08T0100,3311A,113.1077,22.5647,江门市,江海富民,,50,47,41,35,20,105,105,NA,NA,15,13,/,/,0.3,0.3
2026-08-08T0100,3449A,113.0496,22.4669,江门市,新会银湖,,43,43,33,22,19,53,53,NA,NA,18,15,1,1,0.5,0.5
2026-08-08T0100,4326A,113.0794,22.5999,江门市,五邑大学,,48,45,35,33,21,92,92,NA,NA,20,14,5,5,0.5,0.4
2026-08-08T0100,3335A,113.3137,35.2643,焦作市,马村街道办,细颗粒物(PM2.5),56,44,43,38,33,80,80,NA,NA,6,9,5,7,0.4,0.5
2026-08-08T0100,3336A,113.2464,35.2374,焦作市,焦作技师学院,,49,43,47,34,31,75,75,NA,NA,6,6,5,7,0.5,0.5
2026-08-08T0100,3477A,113.1656,35.2536,焦作市,中站许衡医院,颗粒物(PM10),65,70,45,34,29,98,98,NA,NA,9,6,6,7,0.5,0.3
2026-08-08T0100,3981A,113.2456,35.18,焦作市,原李万街道办,颗粒物(PM10),70,77,53,34,28,62,62,NA,NA,16,8,5,6,0.6,0.5
2026-08-08T0100,4264A,113.234,35.219,焦作市,新安路1731号,细颗粒物(PM2.5),56,50,42,38,34,94,94,NA,NA,8,8,4,6,0.8,0.7
2026-08-08T0100,4295A,113.2722,35.2121,焦作市,人民路3066号,颗粒物(PM10),64,69,40,41,33,92,92,NA,NA,5,6,5,5,0.9,0.7
2026-08-08T0100,1708A,116.3701,23.5345,揭阳市,新兴,,34,34,36,21,20,55,55,NA,NA,14,10,7,7,0.6,0.6
2026-08-08T0100,1709A,116.3261,23.5442,揭阳市,西马,,29,NA,34,20,20,58,58,NA,NA,10,8,5,5,0.7,0.7
2026-08-08T0100,1710A,116.361,23.5627,揭阳市,东兴,,29,20,36,20,26,62,62,NA,NA,10,11,6,7,/,/
2026-08-08T0100,1711A,116.4151,23.5295,揭阳市,渔湖,,34,34,34,23,21,38,38,NA,NA,20,10,5,5,/,/
2026-08-08T0100,3320A,116.4028,23.5699,揭阳市,曲溪,,32,30,36,22,26,34,34,NA,NA,19,12,2,5,0.7,0.6
2026-08-08T0100,1944A,102.1691,38.5166,金昌市,天庆家园,颗粒物(PM10),112,149,90,45,28,77,77,NA,NA,20,10,97,35,0.1,0.3
2026-08-08T0100,4022A,102.1648,38.5369,金昌市,金川区人防中心,颗粒物(PM10),107,136,70,46,27,99,99,NA,NA,5,7,4,6,0.2,0.3
2026-08-08T0100,4239A,102.193042,38.531887,金昌市,长春路96号,颗粒物(PM10),110,146,70,45,25,NA,NA,NA,NA,6,8,9,11,0.3,0.3
2026-08-08T0100,1262A,119.6478,29.0773,金华市,十五中,,26,26,26,14,16,66,66,NA,NA,12,11,2,2,0.5,0.5
2026-08-08T0100,1263A,119.6859,29.1032,金华市,监测站,,27,27,23,14,14,60,60,NA,NA,19,12,2,2,0.5,0.5
2026-08-08T0100,3659A,119.656,29.1132,金华市,气象局,,27,27,28,16,17,61,61,NA,NA,17,13,4,4,0.5,0.5
2026-08-08T0100,1767A,121.1114,41.0879,锦州市,南山,,32,32,32,7,13,72,72,NA,NA,13,14,4,4,0.3,0.4
2026-08-08T0100,1768A,121.060361,40.842794,锦州市,开发区,,27,27,48,7,18,67,67,NA,NA,15,17,5,8,0.1,0.3
2026-08-08T0100,1769A,121.1836,41.1118,锦州市,百股街道,,20,NA,30,9,14,62,62,NA,NA,6,5,6,3,0.5,0.5
2026-08-08T0100,1770A,121.1176,41.1224,锦州市,天安街道,,22,12,33,8,12,68,68,NA,NA,12,10,6,5,0.4,0.5
2026-08-08T0100,1771A,121.1303,41.1385,锦州市,北湖公园,,22,15,36,8,12,68,68,NA,NA,8,6,6,4,0.4,0.4
2026-08-08T0100,2160A,112.8496,35.5051,晋城市,自来水公司,,33,31,40,23,16,64,64,NA,NA,16,14,4,5,0.6,0.6
2026-08-08T0100,2162A,112.8509,35.4886,晋城市,市环保局,,44,44,47,21,20,57,57,NA,NA,15,10,5,6,0.8,0.8
2026-08-08T0100,3620A,112.8258,35.4804,晋城市,泽州一中,,49,49,43,25,19,59,59,NA,NA,20,12,5,7,1.1,1
2026-08-08T0100,4078A,112.8246,35.5152,晋城市,前书院路,,40,40,43,13,16,28,28,NA,NA,39,21,4,5,1.1,1.1
2026-08-08T0100,4079A,112.8864,35.4773,晋城市,祥云街666号,,39,39,36,14,20,58,58,NA,NA,14,9,4,5,0.5,0.5
2026-08-08T0100,2174A,112.6992,37.6984,晋中市,榆次区政府,,46,46,42,30,28,86,86,NA,NA,16,10,10,10,0.6,0.6
2026-08-08T0100,2865A,112.7195,37.683,晋中市,榆次三中,,49,48,43,34,29,97,97,NA,NA,10,12,12,13,0.8,0.3
2026-08-08T0100,4080A,112.7375,37.7215,晋中市,广安街188号,颗粒物(PM10),60,64,47,27,27,61,61,NA,NA,23,13,12,12,0.4,0.3
2026-08-08T0100,4200A,112.7478,37.6954,晋中市,迎宾街26号,细颗粒物(PM2.5),54,48,38,37,30,90,90,NA,NA,12,10,9,9,0.4,0.3
2026-08-08T0100,2439A,112.2012,31.048,荆门市,竹园小学,,41,41,36,25,23,92,92,NA,NA,12,9,4,4,0.6,0.7
2026-08-08T0100,2440A,112.1968,30.9892,荆门市,掇刀,,50,38,31,35,24,106,106,NA,NA,10,11,8,8,0.6,0.4
2026-08-08T0100,3012A,112.1849,31.0361,荆门市,西山林语,,40,40,33,27,24,104,104,NA,NA,8,7,8,8,1.1,0.7
2026-08-08T0100,3547A,112.1631,31.0134,荆门市,龙泉中学南校,,42,42,29,26,17,132,132,NA,NA,6,6,7,7,0.6,0.5
2026-08-08T0100,4124A,112.2213,31.0654,荆门市,新台西路6号,细颗粒物(PM2.5),54,46,40,37,28,84,84,NA,NA,10,8,10,11,0.8,0.7
2026-08-08T0100,1844A,112.2493,30.3198,荆州市,市图书馆,,39,33,26,27,20,94,94,NA,NA,9,7,5,5,0.7,0.6
2026-08-08T0100,1845A,112.2009,30.3543,荆州市,市委党校,,38,36,30,26,22,79,79,NA,NA,13,6,5,5,0.7,0.6
2026-08-08T0100,3194A,112.2749,30.3124,荆州市,管委会,,39,28,25,27,22,97,97,NA,NA,6,6,3,4,0.6,0.5
2026-08-08T0100,4268A,112.1722,30.3366,荆州市,学苑路85号,,39,31,33,27,20,85,85,NA,NA,8,5,4,4,0.6,0.6
2026-08-08T0100,2343A,117.2114,29.2931,景德镇市,老干部活动中心,,35,NA,21,24,20,76,76,NA,NA,7,6,4,4,0.7,0.6
2026-08-08T0100,2344A,117.1893,29.2789,景德镇市,兽医站,,40,40,34,14,16,78,78,NA,NA,4,4,3,4,0.5,0.5
2026-08-08T0100,2346A,117.246,29.2958,景德镇市,陶研所,,33,24,23,23,18,53,53,NA,NA,4,3,3,4,0.7,0.6
2026-08-08T0100,4289A,117.154766,29.256967,景德镇市,青少年活动中心,,26,22,28,18,19,69,69,NA,NA,5,6,5,6,/,/
2026-08-08T0100,1803A,115.9873,29.6816,九江市,十里,,27,9,25,9,14,86,86,NA,NA,6,7,4,5,0.5,0.5
2026-08-08T0100,1804A,115.9583,29.7047,九江市,茅山头,,24,13,26,9,14,74,74,NA,NA,10,12,3,4,0.4,0.5
2026-08-08T0100,1805A,115.9877,29.7295,九江市,西园,,25,10,21,7,13,80,80,NA,NA,12,13,2,2,0.3,0.4
2026-08-08T0100,1808A,115.9112,29.6038,九江市,综合工业园,,27,20,23,8,16,84,84,NA,NA,4,8,4,3,0.6,0.5
2026-08-08T0100,3190A,116.0254,29.6995,九江市,外国语学校,,27,8,25,7,14,86,86,NA,NA,8,9,3,3,0.5,0.6
2026-08-08T0100,4253A,116.010205,29.659402,九江市,莲花大道8号,,23,23,28,13,14,72,72,NA,NA,5,6,6,7,0.5,0.5
2026-08-08T0100,4240A,98.495752,39.733935,酒泉市,玉门东路5号,颗粒物(PM10),75,85,58,33,24,104,104,NA,NA,5,9,7,7,0.3,0.4
2026-08-08T0100,4241A,98.5099,39.7506,酒泉市,北大街108号,颗粒物(PM10),78,88,55,31,22,108,108,NA,NA,6,7,12,12,0.3,0.3
2026-08-08T0100,2698A,76.0071,39.466,喀什地区,巡警大队,颗粒物(PM10),108,140,118,46,42,137,137,NA,NA,10,25,4,5,0.2,0.4
2026-08-08T0100,2699A,75.9756,39.4693,喀什地区,吾办,颗粒物(PM10),107,137,107,42,40,137,137,NA,NA,2,17,1,3,0.4,0.5
2026-08-08T0100,4027A,75.9485,39.4688,喀什地区,老干局,颗粒物(PM10),100,120,112,16,42,139,139,NA,NA,4,24,4,4,0.2,0.4
2026-08-08T0100,1824A,114.3389,34.778,开封市,肿瘤医院,细颗粒物(PM2.5),60,59,50,40,36,96,96,NA,NA,13,10,4,4,0.5,0.6
2026-08-08T0100,1826A,114.2884,34.7966,开封市,世纪星幼儿园,,50,46,44,35,35,94,94,NA,NA,15,10,2,2,0.6,0.6
2026-08-08T0100,3147A,114.3434,34.8101,开封市,龙亭公园,颗粒物(PM10),58,61,60,36,33,92,92,NA,NA,14,10,4,4,0.5,0.6
2026-08-08T0100,3210A,114.3645,34.7955,开封市,汴京公园,,45,44,50,31,35,100,100,NA,NA,16,14,3,4,0.4,0.4
2026-08-08T0100,3473A,114.2485,34.8306,开封市,技师学院,细颗粒物(PM2.5),52,50,50,36,32,79,79,NA,NA,14,12,4,4,0.6,0.7
2026-08-08T0100,3592A,114.4518,34.7503,开封市,祥符区生态环境局,颗粒物(PM10),55,56,55,37,38,84,84,NA,NA,9,9,12,6,0.4,0.3
2026-08-08T0100,1951A,84.886,45.6029,克拉玛依市,长征新村,,29,19,25,12,14,90,90,NA,NA,7,15,4,4,0.4,0.4
2026-08-08T0100,1952A,84.8894,45.5827,克拉玛依市,南林小区,,25,24,35,3,3,77,77,NA,NA,12,10,10,10,0.2,0.1
2026-08-08T0100,1954A,84.896,44.3328,克拉玛依市,独山子区,颗粒物(PM10),52,52,22,29,6,42,42,NA,NA,25,10,7,7,0.6,0.4
2026-08-08T0100,1955A,85.6888,46.0909,克拉玛依市,乌尔禾区商贸楼,,30,13,25,3,16,94,94,NA,NA,7,9,4,5,0.3,0.3
2026-08-08T0100,3612A,85.1045,45.6895,克拉玛依市,白碱滩区新站,,30,28,38,9,11,95,95,NA,NA,3,8,4,3,0.2,0.3
2026-08-08T0100,2697A,76.1457,39.7143,克孜勒苏柯尔克孜自治州,市人民政府,颗粒物(PM10),112,149,80,10,31,143,143,NA,NA,2,14,2,5,0,0.1
2026-08-08T0100,3665A,76.1654,39.7157,克孜勒苏柯尔克孜自治州,克州文化中心,颗粒物(PM10),126,187,92,45,40,144,144,NA,NA,1,11,3,7,0.1,0.2
2026-08-08T0100,1450A,102.8203,24.889,昆明市,呈贡新区,,18,18,24,9,13,52,52,NA,NA,9,15,4,3,0.5,0.6
2026-08-08T0100,1452A,102.7253,25.0904,昆明市,龙泉镇,,22,18,18,15,12,58,58,NA,NA,10,13,6,5,0.4,0.4
2026-08-08T0100,1453A,102.7267,25.0378,昆明市,东风东路,,23,17,16,16,12,57,57,NA,NA,12,12,6,4,0.4,0.5
2026-08-08T0100,1454A,102.6744,25.0671,昆明市,金鼎山,,35,35,20,10,12,66,66,NA,NA,9,12,6,4,0.3,0.4
2026-08-08T0100,1455A,102.6643,25.0401,昆明市,碧鸡广场,,26,23,20,18,14,57,57,NA,NA,12,13,6,6,0.5,0.5
2026-08-08T0100,3179A,102.7491,25.012,昆明市,官渡区博物馆,,26,26,19,14,14,35,35,NA,NA,22,20,3,4,0.6,0.6
2026-08-08T0100,3375A,102.8016,24.8336,昆明市,青年创业园,,21,21,21,10,14,26,26,NA,NA,23,15,4,4,0.5,0.5
2026-08-08T0100,3550A,102.8,24.9787,昆明市,昆明学院,,34,34,26,14,12,35,35,NA,NA,28,18,7,7,0.5,0.5
2026-08-08T0100,3551A,102.5969,24.6738,昆明市,晋宁区生态环境分局,NA,NA,10,15,8,12,NA,NA,NA,NA,9,9,3,5,0.7,0.6
2026-08-08T0100,3552A,102.6673,24.9861,昆明市,云天化总部,,20,20,20,14,13,32,32,NA,NA,22,17,4,5,0.6,0.6
2026-08-08T0100,1456A,91.132,29.6515,拉萨市,八廓街,,36,11,13,7,6,115,115,NA,NA,10,12,8,8,0.1,0.2
2026-08-08T0100,1457A,91.1221,29.6748,拉萨市,市环保局,,36,12,14,3,7,113,113,NA,NA,10,14,8,9,0.1,0.2
2026-08-08T0100,1458A,91.0874,29.6476,拉萨市,区监测站,,37,12,14,12,8,118,118,NA,NA,14,18,8,8,0.1,0.1
2026-08-08T0100,1459A,91.1774,29.6541,拉萨市,西藏大学,,38,9,12,6,6,120,120,NA,NA,10,12,8,7,0.2,0.2
2026-08-08T0100,1460A,90.9798,29.6586,拉萨市,区辐射站,,38,15,21,6,8,121,121,NA,NA,9,19,7,10,0.1,0.1
2026-08-08T0100,1461A,91.0831,29.6292,拉萨市,拉萨火车站,,37,10,12,6,6,118,118,NA,NA,10,14,6,5,0.2,0.2
2026-08-08T0100,2520A,109.2203,23.7252,来宾市,来宾技工学校,,48,48,38,18,20,14,14,NA,NA,28,17,11,9,0.6,0.6
2026-08-08T0100,3535A,109.1781,23.7293,来宾市,兴宾区政府,,39,34,30,27,19,28,28,NA,NA,11,7,7,9,0.5,0.5
2026-08-08T0100,4002A,109.2312,23.7428,来宾市,中南小学,,38,38,32,22,21,12,12,NA,NA,40,15,8,7,0.5,0.5
2026-08-08T0100,1479A,103.8309,36.0467,兰州市,铁路设计院,,40,40,38,16,14,74,74,NA,NA,19,21,7,9,0.3,0.4
2026-08-08T0100,3241A,103.7439,36.0841,兰州市,百合公园,,31,31,34,6,11,79,79,NA,NA,8,16,3,6,0.1,0.2
2026-08-08T0100,3242A,103.9613,35.9985,兰州市,和平,,25,17,22,8,13,78,78,NA,NA,7,9,8,9,0.3,0.3
2026-08-08T0100,4236A,103.629272,36.093822,兰州市,庄浪东路808号,,37,37,42,20,15,45,45,NA,NA,33,26,9,10,0.2,0.3
2026-08-08T0100,4237A,103.7251,36.104344,兰州市,安宁西路88号,,30,30,36,17,17,87,87,NA,NA,6,11,9,10,0.2,0.2
2026-08-08T0100,4238A,103.846982,36.067567,兰州市,北滨河东路1号,,26,26,29,12,16,69,69,NA,NA,18,17,3,8,0.4,0.5
2026-08-08T0100,1067A,116.6712,39.5109,廊坊市,药材公司,,19,19,36,6,20,51,51,NA,NA,10,13,2,3,0.3,0.4
2026-08-08T0100,1068A,116.7215,39.5592,廊坊市,开发区,,14,14,36,9,23,35,35,NA,NA,12,11,3,3,0.3,0.5
2026-08-08T0100,1070A,116.7246,39.5273,廊坊市,北华航天学院,,15,NA,34,10,23,45,45,NA,NA,10,13,3,3,0.3,0.4
2026-08-08T0100,2919A,116.7022,39.5454,廊坊市,河北工业大学,,14,14,34,7,19,42,42,NA,NA,11,14,3,3,0.3,0.5
2026-08-08T0100,2536A,103.7629,29.5844,乐山市,牛耳桥,,38,38,28,21,17,59,59,NA,NA,15,14,5,6,0.9,0.9
2026-08-08T0100,2537A,103.7501,29.6002,乐山市,市第三水厂,,31,31,29,15,18,66,66,NA,NA,13,12,4,4,0.9,0.9
2026-08-08T0100,2538A,103.7571,29.5664,乐山市,市监测站,,49,49,31,30,18,63,63,NA,NA,14,11,3,3,1.0,0.9
2026-08-08T0100,3361A,103.7313,29.563,乐山市,理工大学,,50,46,31,35,20,52,52,NA,NA,16,11,8,7,0.9,0.8
2026-08-08T0100,2599A,100.2497,26.8802,丽江市,丽江古城,,22,19,15,10,10,70,70,NA,NA,9,12,8,8,0.6,0.6
2026-08-08T0100,2600A,100.2203,26.8906,丽江市,市中心,,23,21,16,16,12,69,69,NA,NA,8,11,8,7,0.5,0.5
2026-08-08T0100,1267A,119.9141,28.4513,丽水市,监测站大楼,,24,24,25,12,15,76,76,NA,NA,8,10,5,7,0.7,0.8
2026-08-08T0100,1268A,119.93,28.4589,丽水市,莲都小学,,26,20,25,10,13,81,81,NA,NA,7,10,/,/,/,/
2026-08-08T0100,1269A,119.8794,28.4232,丽水市,余庄前,,24,24,23,12,11,23,23,NA,NA,17,13,4,4,0.8,0.8
2026-08-08T0100,1173A,119.1759,34.5885,连云港市,市环境监测站,,28,14,19,9,12,88,88,NA,NA,6,12,4,5,0.3,0.5
2026-08-08T0100,3000A,119.3577,34.6971,连云港市,德源药业,,27,14,31,7,11,84,84,NA,NA,8,18,3,4,0.6,0.5
2026-08-08T0100,3007A,119.178,34.8442,连云港市,新城一中,,33,23,23,16,15,104,104,NA,NA,2,10,6,9,0.6,0.7
2026-08-08T0100,3008A,119.3607,34.7519,连云港市,胡沟管理处,,32,NA,26,17,14,102,102,NA,NA,6,24,9,13,0.4,0.4
2026-08-08T0100,3009A,119.1478,34.5913,连云港市,矿山设计院,,28,14,21,12,12,89,89,NA,NA,3,12,1,3,0.2,0.4
2026-08-08T0100,3434A,119.2414,34.6539,连云港市,工贸学校,,28,12,43,10,14,87,87,NA,NA,4,8,6,7,0.4,0.5
2026-08-08T0100,3664A,119.4171,34.734,连云港市,连云街道,,27,24,20,14,12,85,85,NA,NA,12,10,3,3,0.5,0.5
2026-08-08T0100,2573A,102.2629,27.8981,凉山彝族自治州,西昌市政府,,17,NA,15,9,11,52,52,NA,NA,3,6,5,5,0.3,0.4
2026-08-08T0100,2574A,102.2686,27.885,凉山彝族自治州,凉山州政府,,16,15,15,11,13,46,46,NA,NA,7,8,4,4,0.4,0.4
2026-08-08T0100,4229A,102.2342,27.8859,凉山彝族自治州,凯乐南路30号,,14,14,16,8,12,44,44,NA,NA,6,9,4,5,0.4,0.4
2026-08-08T0100,2212A,123.1978,41.2036,辽阳市,宏伟区,NA,NA,NA,49,7,13,48,48,NA,NA,10,10,4,4,0.3,0.5
2026-08-08T0100,2213A,123.1684,41.2497,辽阳市,新华园,NA,NA,8,39,NA,NA,56,56,NA,NA,11,11,6,4,0.3,0.5
2026-08-08T0100,2214A,123.2355,41.2663,辽阳市,滨河路,,17,13,32,3,14,53,53,NA,NA,16,14,7,8,0.2,0.4
2026-08-08T0100,4083A,123.153,41.2874,辽阳市,铁西路150号,,15,NA,35,8,14,48,48,NA,NA,14,14,5,6,0.7,0.8
2026-08-08T0100,2227A,125.1359,42.8845,辽源市,环保局,,19,18,17,3,4,58,58,NA,NA,6,8,3,3,0.3,0.4
2026-08-08T0100,4085A,125.0998,42.9134,辽源市,安宁大街333号,,14,10,14,3,5,44,44,NA,NA,3,3,4,4,0.3,0.3
2026-08-08T0100,1625A,115.9789,36.4372,聊城市,区政府,颗粒物(PM10),59,62,40,33,27,90,90,NA,NA,4,5,6,5,0.6,0.6
2026-08-08T0100,3200A,115.9772,36.4986,聊城市,监控中心,,45,45,42,26,28,95,95,NA,NA,3,11,8,9,0.5,0.5
2026-08-08T0100,3513A,116.0443,36.436,聊城市,九州社区,颗粒物(PM10),53,53,54,24,27,94,94,NA,NA,1,8,8,8,0.3,0.3
2026-08-08T0100,4018A,116.0564,36.4609,聊城市,星美广场,,43,43,51,28,30,84,84,NA,NA,4,9,5,6,0.6,0.5
2026-08-08T0100,4113A,116.0091,36.4495,聊城市,利民路,,47,47,38,32,28,97,97,NA,NA,5,7,10,9,0.6,0.5
2026-08-08T0100,2632A,94.3683,29.6373,林芝市,林芝监测站,,22,6,10,3,5,69,69,NA,NA,3,5,4,4,0.3,0.3
2026-08-08T0100,2633A,94.3616,29.6634,林芝市,林芝人民医院,,22,9,13,3,6,70,70,NA,NA,4,5,3,3,0.4,0.4
2026-08-08T0100,2603A,100.0779,23.8981,临沧市,市环保局,,12,NA,14,8,7,21,21,NA,NA,9,10,9,9,0.4,0.4
2026-08-08T0100,2604A,100.0894,23.882,临沧市,市气象局,,19,19,16,12,12,31,31,NA,NA,7,7,6,7,0.5,0.5
2026-08-08T0100,1733A,111.5552,36.0791,临汾市,临钢医院,,42,42,37,16,13,33,33,NA,NA,23,13,6,7,0.7,0.6
2026-08-08T0100,1734A,111.4984,36.0734,临汾市,技工学校,,43,43,35,26,25,54,54,NA,NA,20,12,4,4,0.8,0.8
2026-08-08T0100,1736A,111.5017,36.0857,临汾市,市委,颗粒物(PM10),61,65,56,15,14,55,55,NA,NA,18,10,8,8,0.7,0.7
2026-08-08T0100,3018A,111.5048,36.1015,临汾市,唐尧大酒店,颗粒物(PM10),58,60,57,8,15,57,57,NA,NA,16,11,5,5,0.8,0.8
2026-08-08T0100,4244A,111.4879,36.053,临汾市,启星学校,,40,40,34,16,22,53,53,NA,NA,18,11,4,5,1.0,0.9
2026-08-08T0100,4271A,103.2464,35.6123,临夏回族自治州,滨河东路1号,,28,28,43,18,19,63,63,NA,NA,17,9,8,8,0.7,0.6
2026-08-08T0100,4310A,103.207136,35.599807,临夏回族自治州,新华街21号,颗粒物(PM10),53,54,41,36,21,49,49,NA,NA,17,9,9,10,0.7,0.6
2026-08-08T0100,1618A,118.3429,35.0532,临沂市,沂河小区,,28,22,37,16,15,89,89,NA,NA,9,18,12,13,0.4,0.4
2026-08-08T0100,1619A,118.2962,35.0568,临沂市,鲁南制药厂,,32,22,34,16,16,100,100,NA,NA,8,18,8,9,0.7,0.8
2026-08-08T0100,1620A,118.2793,34.9976,临沂市,新光毛纺厂,,30,27,27,17,16,96,96,NA,NA,7,13,6,7,0.4,0.4
2026-08-08T0100,1621A,118.3955,35.0889,临沂市,河东保险公司,,30,19,34,18,20,94,94,NA,NA,12,27,9,10,0.4,0.4
2026-08-08T0100,3370A,118.3563,35.0215,临沂市,十里堡居委,,28,22,27,19,16,87,87,NA,NA,16,22,11,12,0.7,0.7
2026-08-08T0100,3496A,118.359,35.1067,临沂市,南坊新区,,30,27,42,19,21,93,93,NA,NA,10,24,8,10,0.5,0.6
2026-08-08T0100,3860A,118.3915,35.0297,临沂市,皇山花园小区,,36,36,35,23,18,84,84,NA,NA,16,22,11,11,0.9,0.8
2026-08-08T0100,1870A,109.4854,24.3898,柳州市,柳东小学,细颗粒物(PM2.5),56,NA,25,38,21,36,36,NA,NA,13,7,25,11,1.0,0.9
2026-08-08T0100,1871A,109.4109,24.3304,柳州市,环保监测站,,46,45,35,32,20,26,26,NA,NA,20,12,14,12,0.8,0.8
2026-08-08T0100,1872A,109.3886,24.3408,柳州市,河西水厂,颗粒物(PM10),52,52,49,18,22,16,16,NA,NA,22,14,5,10,0.8,0.7
2026-08-08T0100,1873A,109.4263,24.2951,柳州市,市四中,,45,36,39,31,23,37,37,NA,NA,13,10,33,16,0.8,0.8
2026-08-08T0100,3593A,112.5736,34.8993,洛阳市,吉利监测站,,40,37,39,28,23,50,50,NA,NA,17,10,8,8,0.4,0.4
2026-08-08T0100,3635A,112.3678,34.6623,洛阳市,河科大西苑校区,,48,47,45,33,32,47,47,NA,NA,28,14,2,3,0.8,0.7
2026-08-08T0100,3636A,112.4387,34.678,洛阳市,英才小学,,50,50,40,32,31,26,26,NA,NA,38,20,10,10,0.8,0.7
2026-08-08T0100,4214A,112.460027,34.694929,洛阳市,春都路1号院,颗粒物(PM10),55,57,42,33,29,56,56,NA,NA,15,10,3,3,0.6,0.6
2026-08-08T0100,2399A,114.051,33.5721,漯河市,三五一五工厂,颗粒物(PM10),60,64,50,39,38,103,103,NA,NA,15,14,6,6,0.4,0.5
2026-08-08T0100,2400A,114.0055,33.5698,漯河市,漯河大学,颗粒物(PM10),76,86,93,39,39,111,111,NA,NA,14,12,5,6,0.4,0.5
2026-08-08T0100,2401A,114.0134,33.5826,漯河市,市水利局,细颗粒物(PM2.5),72,48,50,46,36,116,116,NA,NA,14,13,7,8,0.4,0.5
2026-08-08T0100,2402A,114.0261,33.5697,漯河市,市广电局,,49,49,50,29,31,112,112,NA,NA,10,8,4,4,0.5,0.6
2026-08-08T0100,3478A,113.9691,33.568,漯河市,市图书馆,,48,46,53,33,36,98,98,NA,NA,12,9,8,8,0.7,0.7
2026-08-08T0100,4250A,114.089259,33.588274,漯河市,韶山路11号,颗粒物(PM10),63,68,58,33,38,72,72,NA,NA,20,13,7,6,0.5,0.6
2026-08-08T0100,1798A,118.5084,31.6838,马鞍山市,湖东路四小,,29,29,29,20,19,48,48,NA,NA,12,8,8,8,0.9,0.9
2026-08-08T0100,1799A,118.5019,31.6449,马鞍山市,开发区,,30,26,26,21,16,59,59,NA,NA,7,5,6,6,0.7,0.7
2026-08-08T0100,3633A,118.4914,31.681,马鞍山市,雨山,,37,37,30,22,18,53,53,NA,NA,14,10,8,6,0.8,0.9
2026-08-08T0100,4191A,118.527362,31.722269,马鞍山市,慈湖高新区,,39,38,31,27,17,49,49,NA,NA,14,10,4,4,0.6,0.6
2026-08-08T0100,1686A,111.0285,21.469,茂名市,电白南海,,14,14,23,7,14,44,44,NA,NA,4,5,2,4,0.4,0.4
2026-08-08T0100,1687A,110.9294,21.6533,茂名市,茂石化七小,,22,22,25,15,17,39,39,NA,NA,8,9,6,10,0.4,0.4
2026-08-08T0100,1688A,110.9108,21.6688,茂名市,健康路,,19,NA,19,13,16,39,39,NA,NA,6,6,13,8,0.2,0.2
2026-08-08T0100,1689A,110.8592,21.6826,茂名市,高岭,,38,31,34,26,20,23,23,NA,NA,21,9,30,13,/,/
2026-08-08T0100,3450A,111.0101,21.5165,茂名市,电白水东,,16,NA,15,11,14,42,42,NA,NA,12,9,26,7,/,/
2026-08-08T0100,2540A,103.8414,30.0871,眉山市,气象局,,38,26,34,26,22,22,22,NA,NA,61,23,8,11,0.9,0.9
2026-08-08T0100,3148A,103.829,30.0563,眉山市,区人社局,,43,43,43,16,19,29,29,NA,NA,59,23,9,13,0.7,0.8
2026-08-08T0100,4148A,103.8836,30.0695,眉山市,眉职院,颗粒物(PM10),63,68,40,38,19,39,39,NA,NA,32,18,8,9,0.9,0.8
2026-08-08T0100,1690A,116.1248,24.3307,梅州市,梅江月梅,,23,23,30,8,18,27,27,NA,NA,10,11,/,/,/,/
2026-08-08T0100,1691A,116.0798,24.2719,梅州市,梅县新城,,22,22,29,9,19,27,27,NA,NA,18,13,11,10,0.6,0.7
2026-08-08T0100,3315A,116.1234,24.2994,梅州市,梅龙,,17,17,27,10,19,43,43,NA,NA,11,10,10,8,0.5,0.6
2026-08-08T0100,1878A,104.7775,31.4741,绵阳市,富乐山,,29,29,25,16,16,65,65,NA,NA,9,10,12,13,0.5,0.5
2026-08-08T0100,1880A,104.6698,31.4668,绵阳市,高新区自来水公司,细颗粒物(PM2.5),70,64,36,45,22,62,62,NA,NA,20,15,11,11,1.0,0.9
2026-08-08T0100,3491A,104.6899,31.5324,绵阳市,西科大附属小学,颗粒物(PM10),58,60,35,30,19,51,51,NA,NA,24,20,7,7,0.6,0.4
2026-08-08T0100,3492A,104.5647,31.5343,绵阳市,安州区旅游局,,48,47,32,33,20,70,70,NA,NA,10,8,6,8,0.4,0.4
2026-08-08T0100,4146A,104.7092,31.4972,绵阳市,科技城新区公安局,细颗粒物(PM2.5),52,43,32,36,18,58,58,NA,NA,26,15,6,6,0.7,0.6
2026-08-08T0100,4226A,104.765114,31.453094,绵阳市,绵阳市气象局,,32,32,29,15,16,76,76,NA,NA,13,16,6,5,0.5,0.5
2026-08-08T0100,1784A,129.61,44.561,牡丹江市,环保大楼,,19,19,23,3,7,29,29,NA,NA,6,6,7,6,0.3,0.4
2026-08-08T0100,1787A,129.6364,44.6075,牡丹江市,机车工厂,,24,24,29,3,8,18,18,NA,NA,5,6,6,8,0.2,0.4
2026-08-08T0100,1788A,129.6386,44.5462,牡丹江市,第一中学,,26,26,21,3,5,10,10,NA,NA,6,5,3,3,0.3,0.4
2026-08-08T0100,4287A,129.5992,44.5964,牡丹江市,东晓云街98号,,27,27,22,3,6,18,18,NA,NA,6,4,7,7,0.2,0.2
2026-08-08T0100,2531A,105.0703,29.61,内江市,市监测站,,39,NA,23,27,16,80,80,NA,NA,15,15,9,9,0.4,0.5
2026-08-08T0100,2533A,105.0657,29.5807,内江市,内江二中,,39,30,19,27,13,70,70,NA,NA,11,13,3,53,0.9,1
2026-08-08T0100,2534A,105.0407,29.5828,内江市,内江日报社,,49,NA,18,34,17,88,88,NA,NA,6,12,8,9,0.3,0.3
2026-08-08T0100,4147A,105.0433,29.6105,内江市,玉峰路西段888号,,43,NA,25,30,15,83,83,NA,NA,9,12,8,8,0.4,0.4
2026-08-08T0100,2628A,92.0653,31.4846,那曲市,那曲监测站,颗粒物(PM10),93,109,45,29,18,57,57,NA,NA,22,19,7,7,0.5,0.4
2026-08-08T0100,4243A,92.0515,31.4787,那曲市,那曲市委宣传部,,39,37,31,27,14,66,66,NA,NA,17,17,5,6,0.3,0.4
2026-08-08T0100,1291A,115.8887,28.7006,南昌市,省林业公司,,32,24,24,21,19,100,100,NA,NA,9,5,5,6,0.6,0.6
2026-08-08T0100,1292A,115.813,28.7443,南昌市,林科所,,30,NA,20,21,17,86,86,NA,NA,4,3,5,5,0.7,0.7
2026-08-08T0100,1294A,115.8518,28.687,南昌市,建工学校,,35,26,28,24,19,80,80,NA,NA,12,8,6,7,0.8,0.8
2026-08-08T0100,1295A,115.8926,28.6425,南昌市,象湖,,35,24,18,24,21,78,78,NA,NA,9,7,8,9,0.5,0.6
2026-08-08T0100,3046A,115.9084,28.6062,南昌市,机电学校,,30,30,32,20,20,88,88,NA,NA,9,8,7,7,0.8,0.8
2026-08-08T0100,3690A,115.9718,28.7032,南昌市,外国语学校,,33,23,29,23,20,75,75,NA,NA,7,6,12,13,0.8,0.8
2026-08-08T0100,4106A,115.7923,28.6873,南昌市,工业二路,,35,26,33,24,18,79,79,NA,NA,3,4,6,6,0.5,0.5
2026-08-08T0100,4192A,115.931587,28.686774,南昌市,南京东路235号,,30,20,21,20,20,96,96,NA,NA,7,7,4,5,0.6,0.6
2026-08-08T0100,1906A,106.0791,30.8022,南充市,南充市委,,30,29,19,21,10,79,79,NA,NA,8,10,6,6,0.3,0.2
2026-08-08T0100,1907A,106.1038,30.8215,南充市,南充炼油厂,,35,29,19,24,9,69,69,NA,NA,11,10,7,7,0.5,0.3
2026-08-08T0100,4227A,106.108336,30.788436,南充市,梨树横街98号,,44,44,19,29,11,62,62,NA,NA,11,8,9,7,0.5,0.4
2026-08-08T0100,4304A,106.1172,30.843,南充市,清泉寺北路188号,,42,42,19,28,10,50,50,NA,NA,13,6,8,8,0.3,0.1
2026-08-08T0100,4305A,106.067,30.7616,南充市,同庆路1号,,40,40,18,23,11,76,76,NA,NA,7,9,6,6,0.3,0.3
2026-08-08T0100,1151A,118.8033,32.1085,南京市,迈皋桥,,28,21,19,19,13,55,55,NA,NA,17,8,5,5,0.1,0.1
2026-08-08T0100,1152A,118.7487,32.057,南京市,草场门,,28,27,21,19,13,55,55,NA,NA,13,10,6,6,0.6,0.5
2026-08-08T0100,1154A,118.770105,32.004342,南京市,中华门,,25,24,17,17,14,28,28,NA,NA,18,12,6,6,0.0,0
2026-08-08T0100,1155A,118.8059,32.0329,南京市,瑞金路,,46,NA,20,32,18,39,39,NA,NA,22,15,4,4,0.5,0.4
2026-08-08T0100,1156A,118.7946,32.0774,南京市,玄武湖,,33,33,27,20,12,44,44,NA,NA,11,10,3,4,0.4,0.5
2026-08-08T0100,1157A,118.6415,32.0964,南京市,浦口,,28,25,27,19,12,54,54,NA,NA,10,9,4,5,0.4,0.7
2026-08-08T0100,1158A,118.730129,32.000956,南京市,奥体中心,,28,28,24,18,13,59,59,NA,NA,13,10,5,5,0.6,0.5
2026-08-08T0100,1159A,118.9072,32.1047,南京市,仙林大学城,,31,31,28,18,12,29,29,NA,NA,30,14,9,9,0.3,0.3
2026-08-08T0100,3422A,118.8443,31.919,南京市,江宁彩虹桥,,33,33,26,18,12,60,60,NA,NA,13,9,4,4,0.7,0.5
2026-08-08T0100,3427A,118.8497,32.3599,南京市,六合雄州,,35,35,20,17,8,33,33,NA,NA,13,8,4,4,0.7,0.7
2026-08-08T0100,4086A,118.7641,32.0841,南京市,新模范马路66号,NA,NA,31,25,21,12,NA,NA,NA,NA,9,4,4,4,0.3,0.3
2026-08-08T0100,4249A,118.8707617,31.34017673,南京市,汶溪路181号,,22,NA,21,15,9,59,59,NA,NA,7,5,4,3,0.6,0.6
2026-08-08T0100,4312A,119.019,31.6512,南京市,中山西路1号,,23,17,22,15,12,71,71,NA,NA,5,8,4,4,0.5,0.5
2026-08-08T0100,1401A,108.3098,22.788,南宁市,二十一中,,38,31,32,26,25,48,48,NA,NA,16,17,4,6,0.7,0.7
2026-08-08T0100,1402A,108.3135,22.8529,南宁市,北湖,,38,29,41,26,29,41,41,NA,NA,15,18,12,9,0.6,0.6
2026-08-08T0100,1403A,108.3205,22.8222,南宁市,市监测站,,33,31,31,23,22,48,48,NA,NA,10,12,14,9,0.6,0.6
2026-08-08T0100,1404A,108.3828,22.8038,南宁市,大自然花园,,35,35,30,22,21,50,50,NA,NA,13,14,6,6,0.6,0.6
2026-08-08T0100,1406A,108.2397,22.8462,南宁市,区农职院,,30,27,33,21,23,41,41,NA,NA,6,7,20,9,0.6,0.6
2026-08-08T0100,1407A,108.3285,22.7356,南宁市,英华嘉园,,45,45,34,22,23,42,42,NA,NA,17,14,4,6,0.6,0.6
2026-08-08T0100,3401A,108.4829,22.762,南宁市,红星社区,,43,NA,29,30,21,29,29,NA,NA,20,13,6,7,0.8,0.8
2026-08-08T0100,4132A,108.2927,23.1477,南宁市,起凤路9号,细颗粒物(PM2.5),54,49,42,37,27,7,7,NA,NA,26,16,17,6,0.7,0.7
2026-08-08T0100,4221A,108.2177,22.7774,南宁市,乐贤路16号,,29,28,35,20,22,34,34,NA,NA,17,15,5,7,0.6,0.6
2026-08-08T0100,2332A,118.1682,26.6371,南平市,南平市监测站,,30,25,22,21,15,29,29,NA,NA,22,12,4,5,0.5,0.4
2026-08-08T0100,2334A,118.1757,26.6276,南平市,南平七中,,23,21,24,16,15,36,36,NA,NA,13,10,3,4,0.5,0.5
2026-08-08T0100,1168A,120.9056,31.9669,南通市,狼山街道,,26,20,18,18,12,78,78,NA,NA,5,4,3,4,0.6,0.6
2026-08-08T0100,1170A,120.8635,32.0231,南通市,城中,NA,NA,NA,25,31,14,NA,NA,NA,NA,3,3,2,2,0.5,0.5
2026-08-08T0100,1171A,120.9376,31.9301,南通市,星湖花园,,32,24,17,22,13,65,65,NA,NA,8,3,2,3,0.4,0.4
2026-08-08T0100,1172A,120.8053,32.046,南通市,紫琅学院,,32,27,15,22,11,66,66,NA,NA,4,2,2,2,0.7,0.7
2026-08-08T0100,3291A,121.0631,32.0644,南通市,通州监测站,,28,27,23,19,12,76,76,NA,NA,3,2,2,5,0.3,0.5
2026-08-08T0100,3432A,120.9348,31.9874,南通市,环境教育馆,,29,29,25,19,12,72,72,NA,NA,5,6,5,5,0.5,0.5
2026-08-08T0100,4091A,120.8692,31.9885,南通市,洪江路,,29,27,18,20,13,71,71,NA,NA,3,2,4,4,0.7,0.7
2026-08-08T0100,2404A,112.5338,33.0086,南阳市,瓦房庄,颗粒物(PM10),51,51,44,31,24,100,100,NA,NA,8,6,6,7,0.5,0.4
2026-08-08T0100,2405A,112.5002,32.9734,南阳市,汉画馆,,50,50,41,34,25,105,105,NA,NA,8,6,7,7,0.7,0.7
2026-08-08T0100,2406A,112.5778,33.0144,南阳市,气象站,"颗粒物(PM10),细颗粒物(PM2.5)",52,52,42,36,25,95,95,NA,NA,11,8,7,7,0.6,0.6
2026-08-08T0100,2407A,112.548,32.9687,南阳市,理工学院,,50,50,39,34,29,119,119,NA,NA,8,6,9,8,0.7,0.6
2026-08-08T0100,4008A,112.5233,32.9921,南阳市,卧龙区政府,细颗粒物(PM2.5),60,56,44,40,28,116,116,NA,NA,6,5,6,6,0.7,0.6
2026-08-08T0100,1234A,121.8352,29.9111,宁波市,区环保大楼,,32,32,28,8,10,74,74,NA,NA,2,5,5,5,0.6,0.7
2026-08-08T0100,1235A,121.5595,29.8208,宁波市,万里学院,,26,26,25,8,10,80,80,NA,NA,3,5,7,5,0.7,0.7
2026-08-08T0100,1236A,121.713,29.9564,宁波市,龙赛医院,,29,29,28,8,10,83,83,NA,NA,1,4,7,7,0.2,0.3
2026-08-08T0100,1240A,121.5855,29.8635,宁波市,太古小学,,25,25,24,10,10,75,75,NA,NA,2,2,5,5,0.4,0.4
2026-08-08T0100,1241A,121.5239,29.8673,宁波市,市环境监测中心,,28,28,24,8,10,79,79,NA,NA,2,4,6,6,0.6,0.6
2026-08-08T0100,2871A,121.6156,29.9015,宁波市,万里国际学校,,24,22,22,8,10,75,75,NA,NA,4,5,8,8,0.5,0.3
2026-08-08T0100,3710A,121.5593,29.8976,宁波市,白沙活动中心,,25,21,23,10,11,80,80,NA,NA,2,2,9,9,0.3,0.4
2026-08-08T0100,4095A,121.8962,29.7529,宁波市,中科路88号,,25,22,22,8,9,78,78,NA,NA,2,4,8,7,0.5,0.5
2026-08-08T0100,2341A,119.5387,26.6611,宁德市,宁德市监测站,,25,20,22,11,13,78,78,NA,NA,10,11,5,5,0.5,0.6
2026-08-08T0100,3209A,119.5231,26.6562,宁德市,宁德一中,,23,NA,19,16,15,65,65,NA,NA,9,6,11,11,0.5,0.5
2026-08-08T0100,2618A,98.859,25.8541,怒江傈僳族自治州,州监测站,,28,20,26,19,16,20,20,NA,NA,12,10,5,5,0.6,0.6
2026-08-08T0100,2619A,98.8607,25.8168,怒江傈僳族自治州,泸水一中,,32,NA,22,22,17,13,13,NA,NA,15,15,4,4,0.6,0.6
2026-08-08T0100,1888A,101.6891,26.571,攀枝花市,弄弄坪,"颗粒物(PM10),细颗粒物(PM2.5)",66,72,36,43,14,25,25,NA,NA,29,16,12,9,1.6,0.8
2026-08-08T0100,1889A,101.577,26.5914,攀枝花市,河门口,,31,31,32,14,16,24,24,NA,NA,18,16,6,15,0.6,1
2026-08-08T0100,1891A,101.7365,26.4986,攀枝花市,仁和,,42,35,23,29,19,30,30,NA,NA,13,15,6,10,2.2,1.4
2026-08-08T0100,2835A,101.7222,26.567,攀枝花市,四十中小,,48,NA,23,33,13,43,43,NA,NA,21,13,11,9,1.9,0.9
2026-08-08T0100,1604A,122.0303,41.1489,盘锦市,开发区,,18,14,22,7,12,56,56,NA,NA,9,8,3,5,0.3,0.4
2026-08-08T0100,1605A,122.0486,41.0883,盘锦市,兴隆台,,20,15,27,10,18,61,61,NA,NA,8,8,3,2,0.4,0.6
2026-08-08T0100,1606A,121.8297,41.1026,盘锦市,新生街道,,16,11,22,3,9,50,50,NA,NA,11,8,2,2,0.4,0.6
2026-08-08T0100,1832A,113.3257,33.7423,平顶山市,新华旅馆,细颗粒物(PM2.5),56,52,46,38,34,97,97,NA,NA,15,11,4,5,0.8,0.7
2026-08-08T0100,1833A,113.2917,33.737,平顶山市,规划设计院,颗粒物(PM10),53,53,47,31,32,99,99,NA,NA,12,11,7,8,0.7,0.7
2026-08-08T0100,1834A,113.182,33.7738,平顶山市,平顶山工学院,细颗粒物(PM2.5),72,57,41,46,31,72,72,NA,NA,17,13,8,7,0.7,0.7
2026-08-08T0100,3594A,112.8736,33.9068,平顶山市,石龙区,颗粒物(PM10),105,131,56,47,34,61,61,NA,NA,35,18,8,10,0.6,0.6
2026-08-08T0100,4116A,113.284,33.7139,平顶山市,姚电大道23号,颗粒物(PM10),66,72,48,41,31,78,78,NA,NA,17,9,8,9,0.6,0.6
2026-08-08T0100,2656A,106.6633,35.5338,平凉市,聚贤嘉苑,,24,24,25,11,13,21,21,NA,NA,34,15,8,8,0.6,0.6
2026-08-08T0100,2657A,106.7021,35.5307,平凉市,博物馆,,44,44,36,21,14,23,23,NA,NA,38,14,9,9,1.4,0.7
2026-08-08T0100,2348A,113.8384,27.6436,萍乡市,中医院,,22,22,30,9,17,56,56,NA,NA,8,12,7,10,0.7,1
2026-08-08T0100,2350A,113.8677,27.6438,萍乡市,市环保局,,15,9,21,3,19,46,46,NA,NA,8,9,3,5,0.3,0.4
2026-08-08T0100,2351A,113.8663,27.6202,萍乡市,安源区政府,,15,15,25,10,14,30,30,NA,NA,7,6,4,6,0.6,0.7
2026-08-08T0100,4107A,113.8686,27.6668,萍乡市,联洪村委会,,19,19,30,7,16,53,53,NA,NA,5,9,8,11,0.5,0.7
2026-08-08T0100,2319A,119.0142,25.4324,莆田市,荔城区仓后路,,40,40,32,27,24,58,58,NA,NA,8,10,/,/,/,/
2026-08-08T0100,2320A,119.0016,25.4553,莆田市,莆田市监测站,,32,32,27,21,15,76,76,NA,NA,6,7,4,4,0.6,0.6
2026-08-08T0100,2321A,119.112,25.4561,莆田市,涵江区六中,,43,39,31,30,19,61,61,NA,NA,9,10,/,/,0.8,0.8
2026-08-08T0100,2322A,119.1014,25.3215,莆田市,秀屿区政府,,38,38,38,21,27,63,63,NA,NA,15,10,6,7,0.4,0.8
2026-08-08T0100,2392A,115.0312,35.7636,濮阳市,环保局,细颗粒物(PM2.5),72,59,47,46,31,118,118,NA,NA,10,9,5,5,1.0,0.7
2026-08-08T0100,3021A,115,35.7667,濮阳市,濮水河管理处,颗粒物(PM10),62,66,43,40,30,111,111,NA,NA,11,9,4,2,1.0,0.7
2026-08-08T0100,4118A,115.0552,35.7816,濮阳市,中原东路68号,颗粒物(PM10),70,78,60,39,29,100,100,NA,NA,10,8,7,7,1.0,0.8
2026-08-08T0100,4216A,115.0923632,35.76857718,濮阳市,任丘路479号,颗粒物(PM10),70,78,60,40,35,102,102,NA,NA,10,9,5,5,0.8,0.6
2026-08-08T0100,2601A,100.9801,22.7634,普洱市,市环保局,,24,24,25,9,12,25,25,NA,NA,6,7,6,6,0.7,0.7
2026-08-08T0100,2602A,100.9763,22.8237,普洱市,普洱第二中学,,21,21,22,3,9,19,19,NA,NA,7,7,7,7,0.6,0.6
2026-08-08T0100,3345A,131.0413,45.7795,七台河市,中波台,,19,19,10,3,6,11,11,NA,NA,23,5,9,8,0.6,0.5
2026-08-08T0100,3637A,131.0136,45.7688,七台河市,人民广场,,28,28,15,9,7,11,11,NA,NA,21,8,8,7,0.4,0.4
2026-08-08T0100,3684A,130.8639,45.8144,七台河市,新建矿广场,,31,31,19,8,7,23,23,NA,NA,10,7,4,6,0.4,0.3
2026-08-08T0100,1779A,123.9307,47.3641,齐齐哈尔市,安居小区,,26,26,24,3,11,20,20,NA,NA,12,4,3,3,0.4,0.4
2026-08-08T0100,1780A,123.9497,47.3389,齐齐哈尔市,中心广场,,30,30,24,7,11,23,23,NA,NA,20,8,4,3,0.3,0.3
2026-08-08T0100,1781A,123.9483,47.3229,齐齐哈尔市,农牧车辆厂,颗粒物(PM10),51,51,30,10,11,20,20,NA,NA,18,6,5,5,0.5,0.4
2026-08-08T0100,1783A,123.9442,47.2994,齐齐哈尔市,市环境监测站,,30,30,26,10,10,23,23,NA,NA,14,7,4,4,0.1,0.1
2026-08-08T0100,3662A,123.6341,47.2079,齐齐哈尔市,富区青少年活动中心,,38,38,25,16,10,10,10,NA,NA,31,8,4,4,0.4,0.1
2026-08-08T0100,2591A,107.9765,26.5724,黔东南苗族侗族自治州,市环境监测站,,23,NA,14,16,12,25,25,NA,NA,8,5,2,2,0.5,0.5
2026-08-08T0100,2881A,107.8909,26.531,黔东南苗族侗族自治州,凯里学院,,20,NA,7,14,9,15,15,NA,NA,15,5,3,3,0.6,0.5
2026-08-08T0100,2593A,107.5223,26.2371,黔南布依族苗族自治州,小围寨,,18,12,14,12,9,27,27,NA,NA,9,8,9,4,0.5,0.4
2026-08-08T0100,3538A,107.5175,26.2977,黔南布依族苗族自治州,沙坝,,19,19,15,13,7,14,14,NA,NA,13,6,6,6,0.6,0.5
2026-08-08T0100,2589A,104.9022,25.0943,黔西南布依族苗族自治州,场坝街,,20,20,25,13,15,37,37,NA,NA,14,12,9,24,0.4,0.4
2026-08-08T0100,2590A,104.8812,25.0994,黔西南布依族苗族自治州,坪东大道,,21,21,22,9,14,22,22,NA,NA,11,11,4,7,0.3,0.4
2026-08-08T0100,2502A,108.6238,21.9667,钦州市,市环保站,,39,36,27,27,14,55,55,NA,NA,8,10,8,8,0.6,0.7
2026-08-08T0100,2503A,108.655,21.9481,钦州市,沙埠小学,,41,41,33,21,13,62,62,NA,NA,9,10,6,6,0.5,0.5
2026-08-08T0100,2504A,108.5989,21.7435,钦州市,港区一小,颗粒物(PM10),62,66,37,18,14,58,58,NA,NA,17,16,8,6,0.7,0.8
2026-08-08T0100,3404A,108.5959,21.9634,钦州市,北职校,,47,47,29,23,17,35,35,NA,NA,11,8,5,5,0.6,0.6
2026-08-08T0100,1046A,119.5247,39.9346,秦皇岛市,建设大厦,,36,36,37,6,12,70,70,NA,NA,4,10,6,6,0.3,0.4
2026-08-08T0100,3132A,119.5979,39.938,秦皇岛市,文明里,,25,25,41,3,14,74,74,NA,NA,2,6,7,8,0.2,0.3
2026-08-08T0100,4066A,119.7458,39.9952,秦皇岛市,南园路157号,,31,31,35,8,15,69,69,NA,NA,2,18,6,7,0.2,0.3
2026-08-08T0100,4067A,119.5131,39.8858,秦皇岛市,翠岛大街1号,,28,28,53,3,14,74,74,NA,NA,2,9,5,5,0.3,0.4
2026-08-08T0100,4198A,119.509013,39.825305,秦皇岛市,北戴河轮滑馆,,29,29,51,11,16,65,65,NA,NA,7,16,6,6,0.3,0.4
2026-08-08T0100,1310A,120.404,36.0625,青岛市,市南区东部子站,,31,27,25,18,17,98,98,NA,NA,4,19,7,9,0.4,0.4
2026-08-08T0100,1311A,120.362344,36.10282,青岛市,四方区子站,,48,48,31,33,20,44,44,NA,NA,30,23,8,9,0.7,0.6
2026-08-08T0100,1312A,120.294373,36.054183,青岛市,市南区西部子站,,38,34,27,26,20,52,52,NA,NA,17,31,6,8,0.7,0.6
2026-08-08T0100,1313A,120.4581,36.0858,青岛市,崂山区子站,,31,29,24,20,16,99,99,NA,NA,11,21,8,9,0.4,0.4
2026-08-08T0100,1315A,120.3945,36.3083,青岛市,城阳区子站,,36,36,34,24,21,109,109,NA,NA,13,20,5,5,0.5,0.4
2026-08-08T0100,3642A,120.3454,36.0735,青岛市,市北区南部,,42,35,25,29,18,45,45,NA,NA,40,38,8,8,0.7,0.6
2026-08-08T0100,3643A,120.3897,36.18,青岛市,李沧区北部,,45,34,30,31,20,65,65,NA,NA,21,25,5,5,0.2,0.3
2026-08-08T0100,4110A,120.5222,36.4089,青岛市,盟旺路653号,,43,39,28,30,15,107,107,NA,NA,13,12,8,8,0.8,0.6
2026-08-08T0100,4290A,120.196923,35.954556,青岛市,珠江路669号,颗粒物(PM10),53,53,37,35,20,29,29,NA,NA,53,32,6,6,0.9,0.7
2026-08-08T0100,4291A,120.0424,35.8656,青岛市,黄岛区人民政府广场,,39,39,30,26,17,61,61,NA,NA,24,23,7,7,0.5,0.4
2026-08-08T0100,1703A,113.0218,23.7086,清远市,凤城街办,,49,49,50,25,32,30,30,NA,NA,20,17,/,/,/,/
2026-08-08T0100,3025A,113.0479,23.6343,清远市,技师学院,,31,31,47,17,30,36,36,NA,NA,16,21,7,7,0.6,0.6
2026-08-08T0100,3318A,112.9898,23.7403,清远市,清新太和,,36,36,47,23,31,21,21,NA,NA,22,16,6,7,0.7,0.6
2026-08-08T0100,3455A,113.076,23.72,清远市,清城东城,,29,29,46,18,29,26,26,NA,NA,14,14,/,/,/,/
2026-08-08T0100,2661A,107.6325,35.7357,庆阳市,庆阳五中,,26,24,21,12,13,82,82,NA,NA,6,7,4,4,0.5,0.5
2026-08-08T0100,2662A,107.6361,35.7067,庆阳市,市环保局,,25,23,23,14,15,80,80,NA,NA,5,6,1,2,0.5,0.4
2026-08-08T0100,1916A,103.7897,25.5036,曲靖市,环境监测站,,34,34,28,16,20,38,38,NA,NA,17,16,2,4,0.8,0.8
2026-08-08T0100,1917A,103.8013,25.5357,曲靖市,烟厂办公区,,19,19,25,13,15,44,44,NA,NA,13,12,3,5,0.8,0.9
2026-08-08T0100,3376A,103.7926,25.4651,曲靖市,南苑二区,,30,29,25,21,21,43,43,NA,NA,21,20,4,4,0.6,0.6
