timepoint,stationcode,longitude,latitude,area,positionname,primarypollutant,aqi,pm10,pm10_24h,pm2_5,pm2_5_24h,o3,o3_24h,o3_8h,o3_8h_24h,no2,no2_24h,so2,so2_24h,co,co_24h
2026-06-30T1400,3141A,114.3921,36.0879,安阳市,信访局,臭氧1小时(O3_1h),110,57,56,34,35,219,219,134,134,3,13,10,7,1.3,1.2
2026-06-30T1400,3669A,114.4706,36.0634,安阳市,左辅环卫站,臭氧1小时(O3_1h),87,61,68,34,36,189,189,106,106,10,20,11,7,1.4,1.4
2026-06-30T1400,4117A,114.2918,36.0769,安阳市,钢三路198号,臭氧1小时(O3_1h),80,60,63,25,31,184,184,110,110,4,13,8,6,1.0,1
2026-06-30T1400,1748A,123.0441,41.1201,鞍山市,深沟寺,,29,16,18,9,12,90,90,81,81,4,6,7,6,0.5,0.5
2026-06-30T1400,1749A,123.011,41.0931,鞍山市,太阳城,,29,16,20,11,12,91,91,82,82,10,7,7,7,0.6,0.7
2026-06-30T1400,1750A,123.0483,41.1445,鞍山市,太平,,29,22,23,12,12,90,90,80,80,10,11,7,7,0.6,0.6
2026-06-30T1400,1751A,122.964,41.0968,鞍山市,铁西三道街,,31,21,24,12,14,99,99,90,90,8,12,5,5,0.6,0.7
2026-06-30T1400,1753A,123.0219,41.0822,鞍山市,明达新区,,30,17,19,10,11,96,96,85,85,5,7,5,6,0.5,0.6
2026-06-30T1400,4201A,122.944647,41.082639,鞍山市,兴盛南路290号,,32,26,35,12,15,101,101,88,88,8,13,7,7,0.4,0.6
2026-06-30T1400,2195A,107.4206,40.7609,巴彦淖尔市,附二中,,45,12,38,10,15,142,142,113,113,5,9,11,14,0.5,0.6
2026-06-30T1400,2196A,107.37,40.7372,巴彦淖尔市,市环保大楼,,44,31,40,3,12,140,140,114,114,4,7,9,10,0.5,0.5
2026-06-30T1400,1956A,86.1476,41.7529,巴音郭楞蒙古自治州,孔雀公园,颗粒物(PM10),110,144,41,36,9,125,125,96,96,4,14,6,5,0.1,0.2
2026-06-30T1400,1957A,86.1971,41.7166,巴音郭楞蒙古自治州,棉纺厂,NA,NA,NA,NA,NA,NA,NA,NA,NA,NA,NA,NA,NA,NA,NA,NA
2026-06-30T1400,1958A,86.236,41.7172,巴音郭楞蒙古自治州,经济开发区,颗粒物(PM10),106,134,27,36,11,135,135,108,108,8,7,3,3,0.1,0.1
2026-06-30T1400,3181A,106.776805,31.852614,巴中市,市五中,,29,20,20,16,14,92,92,66,65,5,7,9,8,0.7,0.7
2026-06-30T1400,3183A,106.7419,31.8654,巴中市,圣泉水务公司,,31,28,22,12,15,97,97,65,65,5,10,11,9,0.5,0.6
2026-06-30T1400,3616A,106.7617,31.8343,巴中市,市中心医院,,31,25,26,16,16,99,99,67,67,3,8,8,7,0.7,0.7
2026-06-30T1400,2235A,122.7909,45.608,白城市,洮北区环保局,,47,23,28,22,19,150,150,117,117,4,6,4,4,0.3,0.3
2026-06-30T1400,2236A,122.8741,45.5725,白城市,市环保局,NA,NA,NA,19,NA,18,151,151,121,121,5,8,5,4,0.2,0.3
2026-06-30T1400,2231A,126.4219,41.9172,白山市,喜丰,,40,13,49,3,10,125,125,92,92,5,21,13,13,0.5,0.6
2026-06-30T1400,2232A,126.4082,41.9416,白山市,环保局,,40,12,22,6,7,127,127,93,93,3,8,11,11,0.3,0.3
2026-06-30T1400,2647A,104.1727,36.5448,白银市,第三小学,,43,31,38,8,13,137,137,95,95,5,17,12,16,0.4,0.5
2026-06-30T1400,2648A,104.1467,36.5482,白银市,动力公司,,44,23,34,6,13,138,138,99,99,3,14,9,8,0.3,0.4
2026-06-30T1400,2512A,106.6102,23.901,百色市,市监测站,,14,6,21,3,12,43,43,38,38,3,9,6,10,0.3,0.4
2026-06-30T1400,2513A,106.6524,23.8842,百色市,市中心血站,,15,11,23,3,15,46,46,45,42,4,7,7,11,0.4,0.6
2026-06-30T1400,4133A,106.6273,23.8798,百色市,龙景西路,,15,6,27,3,15,47,47,37,37,5,11,10,13,0.7,0.8
2026-06-30T1400,2270A,117.396,32.9389,蚌埠市,工人疗养院,,40,14,46,3,31,126,126,108,108,5,13,4,5,0.3,0.5
2026-06-30T1400,2271A,117.3606,32.9428,蚌埠市,百货大楼,,39,9,41,3,28,123,123,109,109,4,10,7,7,0.5,0.6
2026-06-30T1400,2273A,117.4183,32.8909,蚌埠市,蚌埠学院,,38,6,37,3,32,121,121,105,105,2,6,4,5,0.3,0.5
2026-06-30T1400,2274A,117.3534,32.9672,蚌埠市,淮上区政府,,41,9,43,3,29,130,130,114,114,3,11,4,6,0.3,0.4
2026-06-30T1400,2275A,117.3143,32.8977,蚌埠市,高新区,,39,9,42,3,33,124,124,106,106,4,10,7,8,0.3,0.5
2026-06-30T1400,3715A,117.3091,32.9314,蚌埠市,蚌埠田家炳中学,,41,20,47,3,36,131,131,112,112,3,8,6,7,0.4,0.6
2026-06-30T1400,1585A,109.8761,40.6533,包头市,市环境监测站,臭氧1小时(O3_1h),104,NA,27,30,15,207,207,129,129,20,21,29,11,1.3,0.5
2026-06-30T1400,2209A,121.6672,42.07,阜新市,农业园区,,44,44,32,27,19,75,75,82,82,11,12,4,6,0.8,0.8
2026-06-30T1400,2211A,121.6343,42.0455,阜新市,玉龙新城,,32,31,32,22,20,73,73,73,73,12,16,5,6,0.6,0.6
2026-06-30T1400,2301A,115.8276,32.8929,阜阳市,市监测站,,41,31,58,8,40,130,130,99,99,8,16,6,6,0.4,0.6
2026-06-30T1400,2303A,115.8551,32.8606,阜阳市,开发区,,40,32,67,8,40,125,125,96,96,7,15,4,4,0.4,0.5
2026-06-30T1400,2875A,115.783962,32.889217,阜阳市,阜阳职业技术学院,,43,22,62,8,41,137,137,117,109,3,8,4,4,0.4,0.6
2026-06-30T1400,3468A,115.79,32.8614,阜阳市,市规划展馆,,42,26,70,8,42,132,132,107,107,6,13,3,3,0.5,0.7
2026-06-30T1400,3469A,115.835101,32.918568,阜阳市,枣园社区,,42,28,60,8,48,133,133,100,100,7,13,2,2,0.3,0.5
2026-06-30T1400,2669A,102.9097,34.9841,甘南藏族自治州,州政府,,45,26,33,3,15,141,141,73,73,1,16,4,3,0.2,0.3
2026-06-30T1400,3380A,102.8915,34.9618,甘南藏族自治州,甘肃民族师范学院,,47,25,37,9,16,149,149,80,80,6,23,3,3,0.3,0.3
2026-06-30T1400,2570A,101.96,30.048,甘孜藏族自治州,水桥子,,24,18,18,6,11,74,74,45,45,13,14,2,2,0.2,0.1
2026-06-30T1400,3065A,101.9534,29.9976,甘孜藏族自治州,州环保局,,27,27,25,10,12,75,75,43,43,15,20,3,2,0.5,0.5
2026-06-30T1400,2363A,114.9368,25.8663,赣州市,地委,,25,19,23,6,9,79,79,59,59,2,7,3,4,0.5,0.6
2026-06-30T1400,2364A,114.946,25.8483,赣州市,气象台,,23,16,19,16,11,73,73,66,66,8,9,3,4,0.3,0.4
2026-06-30T1400,2365A,114.932,25.8332,赣州市,市图书馆,,25,21,18,6,7,79,79,57,57,3,7,5,5,0.5,0.6
2026-06-30T1400,2366A,114.8905,25.8472,赣州市,华坚鞋城,,23,15,22,9,8,73,73,54,54,4,9,2,1,0.2,0.2
2026-06-30T1400,3109A,115.0094,25.8614,赣州市,赣县区卫计委,,22,NA,17,11,7,68,68,45,45,1,7,2,2,0.3,0.3
2026-06-30T1400,2684A,106.2753,36.0057,固原市,监测站,,41,16,37,6,13,130,130,102,102,5,17,5,5,0.3,0.3
2026-06-30T1400,2685A,106.2384,36.0189,固原市,新区,,40,28,35,8,14,127,127,96,96,7,15,7,6,0.2,0.4
2026-06-30T1400,2544A,106.6307,30.4577,广安市,市委,,35,24,24,24,14,82,82,60,60,11,11,6,6,0.6,0.6
2026-06-30T1400,2545A,106.6266,30.4662,广安市,友谊中学,,29,19,20,12,12,90,90,66,66,9,9,9,9,0.5,0.5
2026-06-30T1400,2547A,106.6386,30.4551,广安市,广电花园,,29,NA,17,20,15,79,79,58,58,11,11,8,9,0.6,0.6
2026-06-30T1400,2902A,106.6347,30.4868,广安市,北辰小学,,28,27,21,19,15,87,87,64,64,10,10,6,6,0.5,0.4
2026-06-30T1400,2524A,105.8211,32.4444,广元市,老城,,40,15,26,8,13,126,126,96,96,3,6,7,11,0.7,0.7
2026-06-30T1400,2526A,105.8629,32.429,广元市,监测站,,38,34,41,9,16,119,119,91,91,6,8,1,8,0.5,0.7
2026-06-30T1400,3617A,105.8047,32.4167,广元市,经开区,,38,27,27,16,17,120,120,86,86,6,8,6,8,0.6,0.6
2026-06-30T1400,1345A,113.2346,23.1423,广州市,广雅中学,,26,9,18,3,10,81,81,51,51,9,23,4,4,0.6,0.7
2026-06-30T1400,1346A,113.2611,23.105,广州市,市五中,,29,10,17,6,10,91,91,60,60,10,21,3,4,/,/
2026-06-30T1400,1348A,113.3477,23.0916,广州市,广东商学院,,24,12,19,3,11,74,74,57,57,10,25,4,5,0.5,0.5
2026-06-30T1400,1349A,113.4332,23.105,广州市,市八十六中,,28,11,20,3,13,87,87,66,66,13,37,6,8,/,/
2026-06-30T1400,1350A,113.3506,22.9488,广州市,番禺中学,,27,16,14,6,7,85,85,58,58,8,19,5,5,0.5,0.6
2026-06-30T1400,1351A,113.2147,23.3918,广州市,花都师范,,42,42,29,20,16,109,109,69,69,14,27,3,3,0.6,0.7
2026-06-30T1400,1352A,113.2599,23.1329,广州市,市监测站,,26,10,17,7,10,83,83,57,57,8,19,3,3,/,/
2026-06-30T1400,1353A,113.5618,23.3119,广州市,九龙镇镇龙,,44,22,20,14,13,138,138,59,59,14,20,6,7,0.6,0.6
2026-06-30T1400,1354A,113.2764,23.1544,广州市,麓湖,,25,10,18,6,10,80,80,54,54,10,23,6,7,0.5,0.6
2026-06-30T1400,2846A,113.3209,23.1323,广州市,体育西,,22,13,20,6,11,68,68,52,52,14,29,4,6,0.4,0.5
2026-06-30T1400,4124A,112.2213,31.0654,荆门市,新台西路6号,,23,18,36,12,22,72,72,98,95,8,11,5,5,0.9,1
2026-06-30T1400,1844A,112.2493,30.3198,荆州市,市图书馆,,18,18,19,12,16,45,45,66,55,9,10,5,5,0.6,0.6
2026-06-30T1400,1845A,112.2009,30.3543,荆州市,市委党校,,15,7,21,6,15,48,48,62,53,8,12,7,8,0.4,0.4
2026-06-30T1400,3194A,112.2749,30.3124,荆州市,管委会,,30,21,24,21,19,42,42,64,52,8,10,6,9,0.5,0.5
2026-06-30T1400,4268A,112.1722,30.3366,荆州市,学苑路85号,,16,13,32,6,16,49,49,56,53,4,13,6,9,0.2,0.3
2026-06-30T1400,2343A,117.2114,29.2931,景德镇市,老干部活动中心,,23,NA,6,16,10,28,28,36,NA,17,8,7,5,0.8,0.6
2026-06-30T1400,2344A,117.1893,29.2789,景德镇市,兽医站,,27,27,16,3,6,35,35,41,31,13,6,4,3,0.7,0.6
2026-06-30T1400,2346A,117.246,29.2958,景德镇市,陶研所,,12,12,8,3,5,29,29,38,30,13,4,4,5,0.8,0.6
2026-06-30T1400,4289A,117.154766,29.256967,景德镇市,青少年活动中心,,12,11,12,3,6,38,38,29,22,5,10,7,8,/,/
2026-06-30T1400,1803A,115.9873,29.6816,九江市,十里,,29,14,13,14,5,92,92,78,78,10,9,3,3,0.5,0.5
2026-06-30T1400,1804A,115.9583,29.7047,九江市,茅山头,,25,11,10,10,6,79,79,76,76,8,3,4,4,0.5,0.5
2026-06-30T1400,1805A,115.9877,29.7295,九江市,西园,,20,12,13,12,6,63,63,66,65,28,13,4,3,0.3,0.3
2026-06-30T1400,1808A,115.9112,29.6038,九江市,综合工业园,,25,23,13,13,8,78,78,66,66,18,19,3,2,0.3,0.3
2026-06-30T1400,3190A,116.0254,29.6995,九江市,外国语学校,,27,NA,9,13,6,84,84,72,72,8,7,7,7,0.7,0.7
2026-06-30T1400,4253A,116.010205,29.659402,九江市,莲花大道8号,,25,17,8,17,7,73,73,68,68,11,6,4,4,0.6,0.5
2026-06-30T1400,4240A,98.495752,39.733935,酒泉市,玉门东路5号,颗粒物(PM10),51,51,37,20,15,134,134,96,96,2,9,7,7,0.1,0.2
2026-06-30T1400,4241A,98.5099,39.7506,酒泉市,北大街108号,颗粒物(PM10),58,61,41,22,16,134,134,95,95,2,9,11,11,0.3,0.3
2026-06-30T1400,2698A,76.0071,39.466,喀什地区,巡警大队,颗粒物(PM10),82,94,105,29,41,144,144,80,80,6,35,4,4,0.1,0.4
2026-06-30T1400,2699A,75.9756,39.4693,喀什地区,吾办,颗粒物(PM10),77,87,97,36,38,138,138,79,79,5,24,3,3,0.3,0.5
2026-06-30T1400,4027A,75.9485,39.4688,喀什地区,老干局,颗粒物(PM10),90,106,101,21,29,136,136,81,81,5,24,4,4,0.2,0.4
2026-06-30T1400,1824A,114.3389,34.778,开封市,肿瘤医院,颗粒物(PM10),63,67,54,34,36,166,166,129,129,13,14,9,10,0.3,0.3
2026-06-30T1400,1826A,114.2884,34.7966,开封市,世纪星幼儿园,颗粒物(PM10),53,53,49,30,34,150,150,122,122,15,16,8,10,0.5,0.6
2026-06-30T1400,3147A,114.3434,34.8101,开封市,龙亭公园,臭氧1小时(O3_1h),68,52,52,34,30,174,174,133,133,9,13,4,8,0.2,0.6
2026-06-30T1400,3210A,114.3645,34.7955,开封市,汴京公园,颗粒物(PM10),55,56,51,33,35,157,157,125,125,6,11,9,11,0.7,0.8
2026-06-30T1400,3473A,114.2485,34.8306,开封市,技师学院,臭氧1小时(O3_1h),65,62,61,31,33,172,172,130,130,7,14,7,10,0.9,0.8
2026-06-30T1400,3592A,114.4518,34.7503,开封市,祥符区生态环境局,细颗粒物(PM2.5),68,45,52,44,40,147,147,112,112,8,18,11,12,0.5,0.6
2026-06-30T1400,1951A,84.886,45.6029,克拉玛依市,长征新村,NA,NA,NA,30,NA,15,NA,NA,129,NA,NA,11,NA,4,NA,0.4
2026-06-30T1400,1952A,84.8894,45.5827,克拉玛依市,南林小区,,38,22,36,3,6,119,119,90,90,2,16,6,6,0.1,0.2
2026-06-30T1400,1954A,84.896,44.3328,克拉玛依市,独山子区,,38,31,29,3,5,120,120,98,98,5,8,8,8,0.5,0.4
2026-06-30T1400,1955A,85.6888,46.0909,克拉玛依市,乌尔禾区商贸楼,,37,30,31,14,19,118,118,78,77,8,11,8,7,0.3,0.3
2026-06-30T1400,3612A,85.1045,45.6895,克拉玛依市,白碱滩区新站,,39,16,23,3,5,122,122,107,107,2,5,9,9,0.1,0.2
2026-06-30T1400,2697A,76.1457,39.7143,克孜勒苏柯尔克孜自治州,市人民政府,颗粒物(PM10),75,84,71,28,24,140,140,102,102,2,10,6,7,0.0,0.1
2026-06-30T1400,2568A,102.2503,31.8896,阿坝藏族羌族自治州,马师校,,25,16,24,7,8,77,77,52,52,4,7,3,3,0.3,0.3
2026-06-30T1400,3994A,102.2174,31.9016,阿坝藏族羌族自治州,马尔康中学西区,,25,12,13,6,8,77,77,54,54,5,6,2,2,0.1,0.2
2026-06-30T1400,2695A,80.2899,41.1684,阿克苏地区,电视台,颗粒物(PM10),83,96,59,27,20,136,136,92,92,4,18,4,3,0.6,0.8
2026-06-30T1400,2696A,80.2592,41.1541,阿克苏地区,艺术中心,颗粒物(PM10),60,64,51,27,30,147,147,88,88,2,13,4,4,0.5,0.8
2026-06-30T1400,2205A,105.699,38.8409,阿拉善盟,蒙二幼,,42,21,28,3,10,133,133,119,119,2,4,10,10,0.2,0.3
2026-06-30T1400,2206A,105.7198,38.8508,阿拉善盟,环保局新楼,,40,20,28,3,12,128,128,119,119,2,6,9,9,0.4,0.4
2026-06-30T1400,2708A,88.1266,47.8515,阿勒泰地区,市站,,39,24,27,3,5,122,122,92,92,5,12,7,7,0.3,0.3
2026-06-30T1400,4166A,88.1198,47.7931,阿勒泰地区,阿勒泰路33号,,35,22,24,3,5,109,109,87,87,4,7,7,7,0.4,0.4
2026-06-30T1400,2630A,80.1171,32.4999,阿里地区,阿里监测站,,49,6,11,3,3,155,155,138,138,4,4,3,4,0.2,0.2
2026-06-30T1400,3192A,80.0906,32.5029,阿里地区,阿里藏医院,,50,10,10,3,3,158,158,141,141,2,2,6,7,0.5,0.5
2026-06-30T1400,2644A,109.0088,32.6974,安康市,汉滨区检察院,,29,28,24,13,13,91,91,51,51,6,6,2,2,0.5,0.4
2026-06-30T1400,4054A,109.0324,32.6913,安康市,市邮政管理局,,29,25,22,16,15,90,90,61,61,4,6,2,3,0.6,0.6
2026-06-30T1400,2291A,117.0806,30.5181,安庆市,环科院,,33,12,16,10,9,104,104,94,83,8,6,8,8,0.5,0.5
2026-06-30T1400,2292A,117.0331,30.5118,安庆市,马山宾馆,,29,NA,17,20,11,92,92,96,74,17,11,2,2,0.5,0.5
2026-06-30T1400,2294A,116.9897,30.6146,安庆市,安庆大学,,26,18,19,11,10,82,82,80,77,6,7,3,3,0.4,0.4
2026-06-30T1400,3173A,117.0598,30.5351,安庆市,市人大,,36,20,16,14,9,115,115,98,88,9,5,6,5,0.4,0.5
2026-06-30T1400,3123A,105.9408,26.2431,安顺市,凤凰山,,29,NA,13,20,10,75,75,58,58,5,7,30,9,0.6,0.5
2026-06-30T1400,3124A,105.9443,26.2567,安顺市,金钟山,,28,NA,10,19,10,70,70,54,54,4,6,28,10,0.5,0.4
2026-06-30T1400,3125A,105.8983,26.248,安顺市,娄家坡,,22,12,11,9,9,70,70,58,58,5,6,6,10,0.6,0.7
2026-06-30T1400,1819A,114.3552,36.1017,安阳市,红庙街,臭氧1小时(O3_1h),104,54,58,39,32,207,207,124,124,4,13,13,10,1.2,1.2
2026-06-30T1400,1820A,114.361,36.0681,安阳市,银杏小区,臭氧1小时(O3_1h),106,58,55,38,34,211,211,130,130,4,11,9,6,1.2,1
2026-06-30T1400,1587A,109.9992,40.5843,包头市,包头八中,臭氧1小时(O3_1h),73,31,33,19,18,178,178,120,120,10,19,15,18,0.5,0.6
2026-06-30T1400,1589A,109.8641,40.6288,包头市,惠龙物流,臭氧1小时(O3_1h),98,36,28,26,15,198,198,130,130,21,19,33,12,1.3,0.3
2026-06-30T1400,1590A,110.0376,40.5546,包头市,东河鸿龙湾,臭氧1小时(O3_1h),83,23,23,22,16,186,186,126,126,11,16,13,15,0.5,0.4
2026-06-30T1400,3283A,109.9154,40.5684,包头市,滨河大厦,臭氧1小时(O3_1h),72,27,21,17,15,177,177,127,127,12,15,15,13,0.6,0.5
2026-06-30T1400,3419A,109.9449,40.6259,包头市,包头市委党校,臭氧1小时(O3_1h),80,NA,20,18,17,184,184,123,123,14,23,14,15,0.6,0.6
2026-06-30T1400,3683A,109.8332,40.6577,包头市,昆区政府,臭氧1小时(O3_1h),99,NA,28,40,17,199,199,121,121,34,26,33,11,1.8,0.7
2026-06-30T1400,1931A,107.0802,34.3129,宝鸡市,竹园沟,,48,48,34,24,20,153,153,110,110,7,7,7,7,0.6,0.3
2026-06-30T1400,1933A,107.1429,34.3549,宝鸡市,监测站,臭氧1小时(O3_1h),57,55,42,24,20,165,165,119,119,8,8,8,8,0.5,0.5
2026-06-30T1400,1934A,107.1172,34.3759,宝鸡市,技工学校,臭氧1小时(O3_1h),75,67,42,26,23,180,180,127,127,6,7,6,6,0.5,0.5
2026-06-30T1400,1936A,107.2025,34.3518,宝鸡市,文理学院,臭氧1小时(O3_1h),57,48,45,25,23,165,165,126,126,9,12,8,8,0.6,0.6
2026-06-30T1400,1937A,107.2396,34.3626,宝鸡市,三迪小学,臭氧1小时(O3_1h),65,58,48,24,25,172,172,129,129,10,14,8,8,0.6,0.6
2026-06-30T1400,4155A,107.1721,34.3558,宝鸡市,滨河北路,,49,43,43,22,23,156,156,114,114,6,9,6,6,0.6,0.6
2026-06-30T1400,4308A,107.3898,34.3601,宝鸡市,陈仓区北开路21号,,45,42,45,22,22,142,142,111,111,6,9,5,5,0.5,0.5
2026-06-30T1400,1051A,115.4803,38.8568,保定市,游泳馆,,46,7,44,3,32,145,145,121,121,9,10,3,2,0.2,0.2
2026-06-30T1400,1052A,115.509,38.8895,保定市,华电二区,,47,26,42,14,30,148,148,126,126,9,8,3,2,0.6,0.7
2026-06-30T1400,1053A,115.4588,38.9037,保定市,接待中心,,45,24,45,13,32,144,144,118,118,5,7,2,2,0.3,0.5
2026-06-30T1400,1054A,115.4484,38.8344,保定市,地表水厂,NA,NA,41,56,14,32,154,154,109,NA,NA,7,2,2,0.5,0.6
2026-06-30T1400,3581A,115.3136,38.9511,保定市,满城区生态环境分局,,43,27,37,15,28,136,136,116,116,6,8,2,2,0,0.1
2026-06-30T1400,3582A,115.4709,38.7628,保定市,清苑区第二中学,,49,35,54,18,28,156,156,129,129,9,8,4,4,0.3,0.4
2026-06-30T1400,3583A,115.6231,39.0223,保定市,徐水物探局,,42,28,41,11,28,134,134,115,115,9,11,3,3,0.4,0.5
2026-06-30T1400,4004A,115.4199,38.8665,保定市,双鹰农机,,48,24,38,21,34,151,151,126,126,7,7,3,3,0.2,0.3
2026-06-30T1400,4034A,115.515,38.8589,保定市,植保所站,臭氧1小时(O3_1h),54,25,39,13,30,163,163,137,137,9,8,5,7,0.3,0.4
2026-06-30T1400,2594A,99.1589,25.1137,保山市,市环境监测站,,46,NA,11,32,8,74,74,37,37,6,7,6,6,0.3,0.3
2026-06-30T1400,2595A,99.1616,25.1381,保山市,市环保局,NA,NA,NA,14,19,19,72,72,37,37,4,5,5,5,NA,0.3
2026-06-30T1400,1867A,109.1435,21.4085,北海市,海滩公园,,16,12,16,3,9,50,50,60,59,5,6,3,2,0.5,0.5
2026-06-30T1400,1868A,109.0983,21.466,北海市,新市环保局,,21,8,16,8,9,67,67,64,64,11,8,4,4,0.5,0.4
2026-06-30T1400,1869A,109.1775,21.5232,北海市,北海工业园,,20,NA,21,14,16,49,49,47,47,11,12,1,4,0.4,0.3
2026-06-30T1400,3400A,109.1844,21.4396,北海市,龙潭自来水厂,,16,6,14,3,5,50,50,51,51,3,4,3,3,0.7,0.7
2026-06-30T1400,1001A,116.3611,39.8786,北京市,万寿西宫,臭氧1小时(O3_1h),79,7,29,7,21,183,183,140,140,5,7,3,3,0.4,0.5
2026-06-30T1400,1003A,116.4174,39.9289,北京市,东四,臭氧1小时(O3_1h),92,12,28,8,22,193,193,148,148,10,12,3,3,0.2,0.4
2026-06-30T1400,1004A,116.4073,39.8858,北京市,天坛,臭氧1小时(O3_1h),58,10,29,7,21,166,166,126,126,9,12,1,1,0.5,0.6
2026-06-30T1400,1005A,116.4622,39.9364,北京市,农展馆,臭氧1小时(O3_1h),60,10,32,7,23,168,168,126,126,10,12,3,3,0.4,0.5
2026-06-30T1400,1006A,116.3399,39.9293,北京市,官园,臭氧1小时(O3_1h),65,10,31,6,22,172,172,134,134,6,8,4,4,0.4,0.5
2026-06-30T1400,1007A,116.2879,39.9613,北京市,海淀万柳,,49,9,33,3,24,154,154,114,114,8,13,4,4,0.3,0.4
2026-06-30T1400,1008A,116.6635,40.1349,北京市,顺义新城,,45,6,35,6,32,144,144,116,116,2,8,1,1,0.5,0.7
2026-06-30T1400,1009A,116.6275,40.327,北京市,怀柔镇,,44,10,34,7,27,138,138,113,113,5,8,1,1,0.5,0.6
2026-06-30T1400,1010A,116.2295,40.217,北京市,昌平镇,,44,7,28,3,20,139,139,103,103,7,12,3,3,0.9,0.9
2026-06-30T1400,1011A,116.3968,39.982,北京市,奥体中心,,45,13,33,9,25,141,141,111,111,8,8,4,4,0.5,0.6
2026-06-30T1400,3418A,116.8336,40.4095,北京市,密云新城,,40,7,35,3,26,126,126,108,108,2,7,1,2,0.5,0.7
2026-06-30T1400,3671A,116.0879,39.9725,北京市,门头沟三家店,,49,11,24,8,16,154,154,110,110,5,11,2,2,0.6,0.7
2026-06-30T1400,3672A,116.1507,39.8246,北京市,丰台云岗,臭氧1小时(O3_1h),59,10,37,7,23,167,167,115,115,2,2,3,2,0.5,0.6
2026-06-30T1400,3674A,115.9578,39.7602,北京市,房山燕山,,45,14,37,12,27,144,144,113,110,6,8,2,1,0.6,0.7
2026-06-30T1400,3675A,116.4669,39.7734,北京市,大兴旧宫,臭氧1小时(O3_1h),60,14,41,10,30,168,168,114,114,8,11,1,1,0.7,0.7
2026-06-30T1400,3694A,115.9859,40.4562,北京市,延庆石河营,,35,6,20,3,17,111,111,105,102,4,8,2,2,0.3,0.4
2026-06-30T1400,3695A,116.6151,40.3052,北京市,怀柔新城,,42,7,32,6,26,134,134,110,110,3,6,1,1,0.7,0.8
2026-06-30T1400,3696A,116.2542,39.8764,北京市,丰台小屯,臭氧1小时(O3_1h),57,9,33,7,22,165,165,124,124,4,6,3,4,0.4,0.5
2026-06-30T1400,3697A,116.8399,40.3843,北京市,密云镇,,39,7,37,6,27,123,123,107,103,3,6,3,5,0.6,0.6
2026-06-30T1400,4057A,115.9423,40.4431,北京市,延庆百泉,,39,6,18,3,14,122,122,111,111,3,6,2,1,0.3,0.3
2026-06-30T1400,4058A,116.6598,39.9164,北京市,通州新华,,45,9,43,8,29,144,144,117,117,6,11,3,3,0.6,0.8
2026-06-30T1400,4182A,116.1942,39.9158,北京市,石景山八角,臭氧1小时(O3_1h),65,12,31,11,24,172,172,122,122,4,7,4,3,0.5,0.6
2026-06-30T1400,4194A,117.078628,40.151726,北京市,平谷新城,,41,8,44,6,38,131,131,104,104,2,3,1,1,0.6,0.8
2026-06-30T1400,1761A,123.8274146,41.31234549,本溪市,大峪,,34,17,22,8,12,107,107,86,86,4,12,6,6,0.3,0.3
2026-06-30T1400,1763A,123.7169,41.3094,本溪市,彩屯,,30,16,30,3,15,93,93,78,78,6,14,9,8,1.0,1.1
2026-06-30T1400,1764A,123.7672166,41.28649327,本溪市,东明,,35,31,29,8,11,110,110,91,91,8,12,7,6,0.4,0.4
2026-06-30T1400,1765A,123.799345,41.266614,本溪市,新立屯,,34,24,20,8,10,107,107,92,92,4,20,8,7,0.5,0.5
2026-06-30T1400,1766A,123.829144,41.336777,本溪市,威宁,,34,22,27,8,14,106,106,85,85,2,11,8,8,0.3,0.4
2026-06-30T1400,2587A,105.287,27.3133,毕节市,八中,,25,NA,17,15,8,77,77,62,62,3,8,12,8,0.5,0.5
2026-06-30T1400,2588A,105.3079,27.2987,毕节市,师专,,22,10,17,8,8,68,68,52,52,5,8,2,3,0.6,0.6
2026-06-30T1400,4263A,105.3688,27.3598,毕节市,工业大道,,23,9,16,6,7,71,71,56,56,3,9,6,6,/,/
2026-06-30T1400,1629A,117.9961,37.3604,滨州市,第二水厂,细颗粒物(PM2.5),84,NA,50,52,46,161,161,103,103,9,15,5,8,1.0,1
2026-06-30T1400,1630A,117.9789,37.3931,滨州市,北中新校,细颗粒物(PM2.5),86,NA,48,53,43,172,172,111,111,14,20,12,13,0.9,0.8
2026-06-30T1400,3514A,117.9379,37.3959,滨州市,中海酒店,臭氧1小时(O3_1h),70,46,40,35,41,176,176,116,116,22,21,11,11,0.5,0.6
2026-06-30T1400,3515A,117.9381509,37.35547456,滨州市,开发区一中,细颗粒物(PM2.5),86,NA,48,53,43,168,168,117,117,18,22,12,10,0.7,0.6
2026-06-30T1400,3516A,118.0914,37.6938,滨州市,金海六路,,48,29,52,28,45,152,152,101,101,8,15,6,7,0.2,0.4
2026-06-30T1400,4028A,117.9955,37.3752,滨州市,滨州市西街道办事处,细颗粒物(PM2.5),82,NA,40,51,43,161,161,107,107,8,13,5,5,0.6,0.6
2026-06-30T1400,2311A,115.8071,33.8399,亳州市,污水处理厂,臭氧1小时(O3_1h),55,38,46,22,38,164,164,130,130,7,14,4,5,0.5,0.4
2026-06-30T1400,2312A,115.7789,33.8519,亳州市,三国揽胜宫,,49,47,55,20,40,156,156,128,128,10,10,4,4,0.5,0.4
2026-06-30T1400,3332A,115.7631,33.803,亳州市,亳州学院,臭氧1小时(O3_1h),63,38,46,24,44,170,170,137,137,6,10,4,4,0.6,0.6
2026-06-30T1400,2693A,82.0482,44.8553,博尔塔拉蒙古自治州,市党校,,33,32,31,3,7,104,104,80,79,3,5,3,3,0.3,0.2
2026-06-30T1400,2694A,82.0805,44.8966,博尔塔拉蒙古自治州,市环保局,,32,32,27,8,7,99,99,77,77,5,11,3,5,0.5,0.5
2026-06-30T1400,1071A,116.8733,38.2922,沧州市,沧县城建局,NA,NA,NA,39,60,34,155,155,113,113,6,11,4,5,NA,0.7
2026-06-30T1400,1072A,116.8462,38.3189,沧州市,电视转播站,细颗粒物(PM2.5),86,66,52,53,31,142,142,108,108,8,12,1,4,0.5,0.4
2026-06-30T1400,1073A,116.8588,38.3161,沧州市,市环保局,细颗粒物(PM2.5),96,77,64,58,36,151,151,108,108,6,11,3,7,0.4,0.3
2026-06-30T1400,3324A,116.8011,38.294,沧州市,河北水利电力学院,细颗粒物(PM2.5),80,61,40,50,33,143,143,112,112,7,11,8,8,0.6,0.4
2026-06-30T1400,2622A,97.1813,31.1289,昌都市,昌都监测站,,31,11,5,3,2,99,99,82,77,14,10,8,8,0.8,0.7
2026-06-30T1400,3719A,97.1707,31.1428,昌都市,昌都会议中心,,37,6,5,3,3,117,117,90,86,5,4,5,5,0.4,0.4
2026-06-30T1400,2692A,87.2722,44.0298,昌吉回族自治州,新区政务中心,,46,16,22,12,15,146,146,82,82,6,13,10,10,0.3,0.4
2026-06-30T1400,3613A,87.3069,44.0093,昌吉回族自治州,亚心广场,,48,24,28,7,13,151,151,88,88,7,18,10,9,0.2,0.4
2026-06-30T1400,4164A,87.2057,43.9289,昌吉回族自治州,财政所,,43,26,20,3,6,135,135,90,90,7,9,7,7,0.2,0.2
2026-06-30T1400,1120A,125.2874,43.9024,长春市,客车厂,,42,24,31,7,22,133,133,115,115,17,17,5,6,0.4,0.5
2026-06-30T1400,1121A,125.2943,43.8508,长春市,邮电学院,,46,12,32,8,22,146,146,118,118,4,13,6,7,0.4,0.5
2026-06-30T1400,1122A,125.3648,43.8745,长春市,劳动公园,,47,27,30,9,23,149,149,115,115,6,17,6,7,0.3,0.5
2026-06-30T1400,1123A,125.3233,43.8781,长春市,园林处,,48,19,31,7,21,152,152,121,121,5,15,4,4,0.4,0.5
2026-06-30T1400,1124A,125.4604,43.7904,长春市,净月潭,,43,25,24,12,18,137,137,108,108,5,9,6,6,0.3,0.3
2026-06-30T1400,1126A,125.38,43.8422,长春市,经开区环卫处,,45,23,31,8,20,143,143,109,109,5,21,5,5,0.3,0.4
2026-06-30T1400,1127A,125.234,43.7761,长春市,高新区管委会,,45,15,32,6,21,141,141,110,110,2,19,6,6,0.4,0.6
2026-06-30T1400,1128A,125.1695,43.83,长春市,岱山公园,,48,21,35,7,25,152,152,118,118,4,21,3,3,0.4,0.5
2026-06-30T1400,4281A,125.334645,43.916281,长春市,北亚泰大街1068号,,46,23,36,10,24,145,145,112,112,7,22,5,5,0.4,0.5
2026-06-30T1400,1335A,113.082,28.2421,长沙市,经开区环保局,,24,20,39,11,30,75,75,64,54,9,8,4,4,0.5,0.6
2026-06-30T1400,1336A,112.8873,28.2202,长沙市,高开区环保局,,23,23,39,11,28,64,64,72,58,6,7,3,4,0.4,0.4
2026-06-30T1400,1337A,113.0785,28.2012,长沙市,马坡岭,,24,23,41,14,31,76,76,67,58,10,10,6,6,0.5,0.6
2026-06-30T1400,1338A,112.9448,28.1894,长沙市,湖南师范大学,,23,21,39,13,29,71,71,68,64,4,6,7,8,0.1,0.2
2026-06-30T1400,1339A,113.0177,28.1322,长沙市,雨花区环保局,,25,24,39,17,32,69,69,61,51,3,5,4,5,0.9,1
2026-06-30T1400,1340A,112.9795,28.2593,长沙市,伍家岭,,23,19,40,10,27,71,71,67,64,6,8,3,4,0.3,0.4
2026-06-30T1400,1341A,113.002,28.1944,长沙市,火车新站,,23,23,40,15,28,65,65,60,56,6,6,7,8,0.4,0.5
2026-06-30T1400,1342A,112.9846,28.1177,长沙市,天心区环保局,,26,20,38,18,33,76,76,73,61,12,13,3,4,0.3,0.9
2026-06-30T1400,1343A,112.8906,28.1307,长沙市,湖南中医药大学,,28,23,39,19,30,71,71,69,64,7,8,6,6,0.5,0.6
2026-06-30T1400,1727A,113.1146,36.1547,长治市,清华站,,46,25,25,12,14,147,147,91,91,5,10,8,8,0.4,0.7
2026-06-30T1400,1730A,113.0887,36.2126,长治市,审计局,,46,26,26,10,16,146,146,83,83,1,10,10,10,0.5,0.6
2026-06-30T1400,1731A,113.0845,36.1856,长治市,长治八中,,45,35,35,8,16,143,143,82,82,3,13,12,11,0.6,0.7
2026-06-30T1400,2845A,113.1561,36.1912,长治市,德盛苑,,48,25,22,15,15,152,152,94,94,8,12,10,11,0.4,0.5
2026-06-30T1400,3568A,113.0603,36.0464,长治市,向阳小学,,48,32,31,22,15,153,153,85,85,2,4,4,3,0.7,0.7
2026-06-30T1400,3569A,112.8788,36.315,长治市,屯留一中,,43,19,22,18,15,137,137,88,88,2,12,9,10,0.7,0.8
2026-06-30T1400,4189A,113.113092,36.199482,长治市,英华南巷50号,,48,24,31,3,17,152,152,91,91,3,11,9,11,0.6,0.7
2026-06-30T1400,4190A,113.23666,36.33435,长治市,学府街1号,臭氧1小时(O3_1h),67,33,37,19,19,173,173,107,107,6,15,8,14,0.5,0.8
2026-06-30T1400,1854A,111.696,28.9725,常德市,市二中,NA,NA,13,26,7,15,NA,NA,76,58,4,5,7,8,1.0,0.9
2026-06-30T1400,3138A,111.7152,29.0288,常德市,武陵区永安,,21,21,27,13,18,67,67,82,64,4,3,6,7,0.8,0.8
2026-06-30T1400,3139A,111.6891,28.9881,常德市,鼎城区玉霞,,18,11,23,7,14,57,57,78,57,6,6,8,10,0.6,0.9
2026-06-30T1400,3140A,111.6651,29.0526,常德市,武陵区长庚,,18,14,27,6,17,56,56,71,56,6,6,8,10,0.6,0.6
2026-06-30T1400,1196A,119.9524,31.7586,常州市,市监测站,,24,6,31,3,17,74,74,77,76,20,21,10,10,0.5,0.4
2026-06-30T1400,1200A,119.9351,31.703,常州市,武进监测站,,21,6,25,3,17,66,66,70,68,22,18,7,7,0.6,0.6
2026-06-30T1400,3002A,119.9701,31.813,常州市,行政中心,,22,7,25,3,19,68,68,75,74,19,16,5,6,0.4,0.4
2026-06-30T1400,3003A,120.0434,31.7726,常州市,经开区,,20,9,33,3,18,61,61,76,73,33,17,2,2,1.0,0.8
2026-06-30T1400,3010A,119.8919,31.7892,常州市,钟楼,,25,15,33,3,18,79,79,80,80,18,17,7,7,0.6,0.6
2026-06-30T1400,3429A,119.8595,31.706,常州市,武进经发区,,21,6,32,3,17,65,65,68,62,14,13,7,7,0.7,0.8
2026-06-30T1400,3430A,119.5812,31.7256,常州市,金坛城区,,27,7,23,3,16,84,84,82,80,8,8,6,7,0.7,0.8
2026-06-30T1400,4089A,119.9551,31.863,常州市,崇义南街5-H号,,21,8,26,3,22,65,65,68,66,22,22,6,6,1.0,0.8
2026-06-30T1400,2220A,120.4318,41.588,朝阳市,西梁,,31,31,25,3,16,68,68,82,78,8,8,5,7,0.7,0.8
2026-06-30T1400,2221A,120.452,41.565,朝阳市,河畔小区,,21,18,21,3,18,65,65,85,72,10,8,8,8,0.4,0.3
2026-06-30T1400,2222A,120.4176,41.5648,朝阳市,八里堡,,32,32,21,3,17,67,67,77,75,13,11,2,2,0.8,0.8
2026-06-30T1400,3026A,116.6179,23.6608,潮州市,市政府,,21,NA,15,3,8,67,67,54,54,3,9,4,6,0.2,0.2
2026-06-30T1400,4036A,116.646,23.676,潮州市,金山,,21,15,13,3,5,67,67,61,61,2,5,1,2,0.2,0.3
2026-06-30T1400,2473A,113.0116,25.8228,郴州市,市职中,,20,NA,20,8,9,64,64,45,45,5,11,7,7,0.5,0.8
2026-06-30T1400,2475A,113.0381,25.8074,郴州市,市审计局,,22,NA,16,6,8,70,70,53,53,4,10,4,3,/,/
2026-06-30T1400,2476A,113.0348,25.7757,郴州市,市环保局,,22,7,21,6,7,69,69,54,54,2,7,5,6,0.6,0.8
2026-06-30T1400,4252A,113.0138,25.8011,郴州市,好美居路49号,,25,20,17,17,5,68,68,49,49,3,11,5,5,/,/
2026-06-30T1400,1431A,103.9727,30.7242,成都市,金泉两河,臭氧1小时(O3_1h),72,35,25,22,14,177,177,97,97,15,14,6,2,0.4,0.3
2026-06-30T1400,1432A,104.1423,30.6765,成都市,十里店,,46,27,21,25,15,146,146,84,84,12,11,5,4,0.5,0.5
2026-06-30T1400,1433A,104.0594,30.5765,成都市,三瓦窑,,44,26,23,21,14,138,138,77,77,15,15,5,4,0.7,0.6
2026-06-30T1400,1434A,104.1122,30.6306,成都市,沙河铺,,43,NA,25,22,14,135,135,82,82,11,12,4,4,0.5,0.4
2026-06-30T1400,2880A,104.0219,30.6561,成都市,大石西路,,47,35,26,25,15,150,150,84,84,15,12,4,4,0.6,0.5
2026-06-30T1400,3136A,104.2724,30.559,成都市,龙泉驿区区政府,,31,NA,10,16,13,98,98,70,70,7,8,6,7,0.4,0.4
2026-06-30T1400,3357A,104.0028,30.6891,成都市,金博路,,50,NA,15,26,15,159,159,85,85,18,14,8,7,0.6,0.5
2026-06-30T1400,3359A,104.056,30.5228,成都市,华阳,,43,31,17,19,11,137,137,91,91,10,8,2,2,0.5,0.4
2026-06-30T1400,3488A,104.387954,30.746684,成都市,青白江技师分院,,33,19,19,12,13,103,103,72,72,4,8,6,5,0.6,0.6
2026-06-30T1400,3489A,104.0788,30.4054,成都市,科学城,,32,25,12,22,9,90,90,64,64,5,6,6,5,0.2,0.3
2026-06-30T1400,4011A,103.8505,30.6946,成都市,光华大道三段,,49,49,25,22,13,148,148,95,95,8,9,6,6,0.5,0.4
2026-06-30T1400,4144A,104.3257,30.6406,成都市,八角井街185号,,31,17,22,16,12,97,97,63,63,6,11,5,4,0.5,0.4
2026-06-30T1400,4224A,104.2433276,30.53529463,成都市,鲸龙路1057号,,33,25,17,18,11,104,104,75,75,8,10,8,8,0.7,0.7
2026-06-30T1400,1062A,117.9531,40.908,承德市,铁路,,32,NA,40,3,24,100,100,100,90,13,15,3,4,0.3,0.4
2026-06-30T1400,1063A,117.9397,40.9763,承德市,中国银行,,29,6,34,3,21,91,91,74,74,7,8,1,1,0.3,0.4
2026-06-30T1400,4073A,117.9462,40.95,承德市,杏林街1号,,28,10,31,6,27,89,89,107,95,7,6,2,3,0.3,0.3
2026-06-30T1400,4274A,117.7994,40.9605,承德市,滨河大街98号,,33,8,27,3,23,104,104,104,100,9,6,4,4,0.3,0.3
2026-06-30T1400,2314A,117.4698,30.6617,池州市,池州学院,,29,19,18,14,15,92,92,92,80,9,12,4,4,1.1,0.9
2026-06-30T1400,3237A,117.4918,30.6617,池州市,展览馆,,25,16,21,7,12,77,77,88,72,5,8,4,4,0.6,0.5
2026-06-30T1400,3333A,117.5626,30.695,池州市,第八中学,NA,NA,14,24,10,19,79,79,89,75,NA,13,4,4,0.4,0.5
2026-06-30T1400,3334A,117.5037,30.6242,池州市,第十二中学,,27,13,18,7,11,85,85,88,74,5,9,6,5,0.7,0.6
2026-06-30T1400,1744A,118.9229,42.2816,赤峰市,松山一中,,45,37,29,28,23,141,141,111,111,10,13,12,16,0.7,0.7
2026-06-30T1400,1745A,118.9588,42.2733,赤峰市,哈达街,,43,36,29,30,22,131,131,96,96,10,15,17,20,0.5,0.5
2026-06-30T1400,1746A,118.8792,42.2551,赤峰市,天义路,,42,NA,20,27,19,133,133,100,100,10,16,8,11,0.6,0.6
2026-06-30T1400,3058A,119.2656,42.0356,赤峰市,银河街,颗粒物(PM10),57,59,44,34,30,128,128,118,118,14,13,11,12,0.8,0.9
2026-06-30T1400,3286A,118.9359,42.3146,赤峰市,桥北物流园区,,45,35,30,21,24,143,143,106,106,10,15,3,11,0.6,0.7
2026-06-30T1400,2521A,107.3473,22.4137,崇左市,市环保局江州分局,,18,8,15,3,7,57,57,42,42,5,7,6,6,0.5,0.5
2026-06-30T1400,4256A,107.375,22.3736,崇左市,石景林东路7号,,19,13,12,3,6,58,58,46,46,5,9,5,6,0.5,0.5
2026-06-30T1400,3207A,118.31131,32.3033,滁州市,市政府原办公楼,,44,12,29,12,29,140,140,109,109,2,8,6,6,0.4,0.6
2026-06-30T1400,3331A,118.3268,32.2633,滁州市,图书馆,,40,17,38,3,18,127,127,101,101,2,6,10,10,0.4,0.5
2026-06-30T1400,4101A,118.3196,32.3335,滁州市,银山路666号,,44,19,45,10,27,140,140,107,107,7,11,3,3,0.2,0.4
2026-06-30T1400,4102A,118.3426,32.2979,滁州市,黄山路555号,,42,17,42,8,26,132,132,100,100,4,8,10,9,0.4,0.5
2026-06-30T1400,2606A,101.5379,25.0492,楚雄彝族自治州,市经济开发区,,20,14,15,9,9,63,63,48,48,4,7,1,2,0.4,0.5
2026-06-30T1400,4153A,101.5536,25.0343,楚雄彝族自治州,团结路562号,,21,16,14,8,12,66,66,50,50,4,6,4,5,0.5,0.6
2026-06-30T1400,2549A,107.5087,31.2186,达州市,市环境监测站,,41,41,31,19,5,48,48,32,32,35,21,10,7,0.6,0.4
2026-06-30T1400,2550A,107.4988,31.2132,达州市,凤凰小区,,44,44,32,19,9,56,56,39,39,21,17,8,7,0.5,0.4
2026-06-30T1400,2551A,107.5081,31.1987,达州市,达县机关宾馆,,48,48,34,18,12,56,56,33,33,30,27,9,7,0.4,0.4
2026-06-30T1400,2552A,107.4644,31.2124,达州市,市政中心,,43,43,33,10,6,66,66,49,49,14,14,5,4,0.3,0.2
2026-06-30T1400,2614A,100.2168,25.5818,大理白族自治州,大理市环境监测站,,27,9,11,7,5,85,85,79,79,6,10,5,5,0.5,0.5
2026-06-30T1400,2615A,100.1542,25.7055,大理白族自治州,大理古城,,24,9,11,3,5,74,74,68,68,6,8,3,4,0.5,0.6
2026-06-30T1400,1109A,121.6119,38.974,大连市,甘井子,,26,19,26,13,18,82,82,73,NA,11,7,8,8,0.6,0.6
2026-06-30T1400,1110A,121.565,38.9509,大连市,周水子,,30,25,26,19,20,94,94,90,90,13,13,15,13,0.7,0.7
2026-06-30T1400,1111A,121.5637,38.8849,大连市,星海三站,NA,NA,27,33,10,18,87,87,89,89,NA,13,5,6,0.7,0.7
2026-06-30T1400,1112A,121.6301,38.9117,大连市,青泥洼桥,,28,21,27,14,18,88,88,92,92,10,7,7,7,0.6,0.6
2026-06-30T1400,1113A,121.6248,38.8643,大连市,傅家庄,,25,19,24,12,22,78,78,86,86,13,9,12,11,0.4,0.5
2026-06-30T1400,1114A,121.5117,38.8636,大连市,七贤岭,,25,22,25,14,19,77,77,85,85,16,11,4,4,0.7,0.8
2026-06-30T1400,1116A,121.7507,39.1339,大连市,金州,,30,18,24,15,19,94,94,91,91,7,7,9,9,0.6,0.6
2026-06-30T1400,1117A,121.7811,39.0495,大连市,开发区,,29,29,32,11,20,74,74,84,84,21,18,8,8,0.3,0.4
2026-06-30T1400,1118A,121.9762,39.0631,大连市,双D港,,26,20,21,9,16,83,83,74,74,5,7,6,6,0.4,0.5
2026-06-30T1400,4082A,121.2548,38.8188,大连市,旅顺,,25,23,29,15,21,78,78,78,78,13,9,7,6,0.4,0.4
2026-06-30T1400,1789A,124.8085,46.0381,大庆市,大同区,NA,NA,NA,35,NA,19,154,154,141,141,6,15,4,5,0.8,0.7
2026-06-30T1400,1790A,125.1166,46.5255,大庆市,龙凤区,,47,34,36,28,20,149,149,130,130,8,11,9,17,0.1,0.1
2026-06-30T1400,1791A,124.8894,46.4007,大庆市,红岗区,,48,27,32,15,16,151,151,136,136,5,8,9,8,0.5,0.5
2026-06-30T1400,1792A,125.1391,46.578,大庆市,萨尔图区,,49,49,34,26,21,156,156,139,139,9,11,5,6,0.5,0.4
2026-06-30T1400,1793A,124.9026,46.6217,大庆市,让胡路区,,49,33,35,28,24,155,155,140,140,6,10,4,5,0.7,0.6
2026-06-30T1400,3481A,125.127,46.6277,大庆市,萨区政府监测点,臭氧1小时(O3_1h),62,42,37,29,23,169,169,151,151,3,6,5,9,0.4,0.3
2026-06-30T1400,1723A,113.2926,40.0759,大同市,云冈宾馆,臭氧1小时(O3_1h),62,22,21,7,9,169,169,124,124,8,11,10,8,0.3,0.4
2026-06-30T1400,1724A,113.3437,40.0921,大同市,大同大学,,50,26,23,16,14,159,159,111,111,9,12,8,6,0.5,0.5
2026-06-30T1400,1725A,113.2637,40.129,大同市,安家小村,,50,29,23,16,10,160,160,117,117,8,11,9,7,0.4,0.4
2026-06-30T1400,3282A,113.3399,40.0586,大同市,大同市卫生学校,臭氧1小时(O3_1h),64,NA,29,10,14,171,171,112,112,9,13,11,9,0.6,0.6
2026-06-30T1400,3565A,113.1371,40.1122,大同市,云冈站,,47,22,19,8,9,150,150,111,111,6,7,9,6,0.6,0.6
2026-06-30T1400,3566A,113.1186,40.2556,大同市,图书馆,,50,18,19,3,8,159,159,133,133,6,9,7,7,0.7,0.6
2026-06-30T1400,3567A,113.5931,40.0459,大同市,区一中,臭氧1小时(O3_1h),55,23,21,9,11,164,164,123,123,10,12,9,8,0.4,0.4
2026-06-30T1400,4199A,113.2798248,40.09972476,大同市,魏都大道141号,臭氧1小时(O3_1h),59,32,20,13,11,167,167,122,122,11,15,10,8,0.4,0.4
2026-06-30T1400,2269A,124.1068,50.4091,大兴安岭地区,科技局,,39,23,30,17,16,122,122,94,94,4,6,4,5,0.3,0.3
2026-06-30T1400,3663A,124.117,50.4279,大兴安岭地区,红旗社区,,44,14,20,10,9,139,139,112,112,6,11,7,6,0.2,0.2
2026-06-30T1400,1600A,124.33,40.0625,丹东市,江湾东路,,30,15,24,6,15,93,93,78,78,5,13,3,7,0.3,0.5
2026-06-30T1400,1601A,124.4242,40.1513,丹东市,临江后街,,33,19,35,6,13,103,103,82,82,3,10,4,5,0.3,0.4
2026-06-30T1400,1602A,124.3935,40.1461,丹东市,元宝山,NA,NA,19,26,3,11,97,97,76,76,NA,12,5,5,0.5,0.6
2026-06-30T1400,1603A,124.3634,40.1093,丹东市,民主桥,,28,26,34,6,15,87,87,74,74,3,13,6,8,0.5,0.7
2026-06-30T1400,3541A,109.5726195,19.51688767,儋州市,第一中学子站,,17,7,15,3,6,52,52,44,44,1,5,2,3,0.6,0.6
2026-06-30T1400,3542A,109.5567,19.5187,儋州市,东坡学校子站,,19,10,15,3,6,59,59,46,46,2,4,5,4,0.5,0.6
2026-06-30T1400,2616A,98.5611,24.4273,德宏傣族景颇族自治州,德宏州监测站,,22,NA,13,10,12,70,70,44,44,5,8,8,8,0.4,0.5
2026-06-30T1400,3677A,98.5887,24.4366,德宏傣族景颇族自治州,芒市人民政府综合楼,,20,19,33,12,11,64,64,33,33,6,8,4,2,0.4,0.6
2026-06-30T1400,1901A,104.424,31.1209,德阳市,东山公园,,42,29,14,28,14,133,133,79,79,11,8,4,3,0.7,0.6
2026-06-30T1400,1902A,104.3827,31.1318,德阳市,西小区,,43,41,29,30,14,118,118,74,74,13,12,7,7,1.0,0.9
2026-06-30T1400,1904A,104.3553,31.1091,德阳市,耐火材料厂,,47,32,27,29,15,148,148,89,89,7,10,4,4,0.5,0.4
2026-06-30T1400,4145A,104.4144,31.1495,德阳市,市林业局,,50,40,26,30,15,157,157,87,87,10,14,10,10,0.9,0.8
2026-06-30T1400,1622A,116.3034,37.4675,德州市,儿童乐园,臭氧1小时(O3_1h),101,75,56,50,49,201,201,152,152,11,11,12,11,1.0,0.9
2026-06-30T1400,1624A,116.2992,37.4449,德州市,监理站,臭氧1小时(O3_1h),89,85,60,44,47,191,191,146,146,12,13,16,15,0.6,0.5
2026-06-30T1400,3066A,116.2722,37.438,德州市,九衢泉纯净水厂,细颗粒物(PM2.5),92,83,62,56,50,181,181,134,134,7,18,10,12,1.0,0.9
2026-06-30T1400,3371A,116.3693,37.44,德州市,开发区人民医院,细颗粒物(PM2.5),106,73,57,66,52,173,173,137,137,14,15,12,11,0.8,0.7
2026-06-30T1400,3511A,116.5687,37.3331,德州市,陵城艺术中心,细颗粒物(PM2.5),100,73,55,60,52,158,158,141,141,16,14,12,9,0.7,0.6
2026-06-30T1400,4292A,116.352738,37.420875,德州市,新河东路,臭氧1小时(O3_1h),68,68,53,37,47,174,174,136,136,17,20,13,11,1.0,1
2026-06-30T1400,2621A,99.7054,27.8319,迪庆藏族自治州,迪庆州站,,26,14,15,3,6,81,81,97,96,8,6,7,7,0.2,0.1
2026-06-30T1400,3180A,99.7122,27.8129,迪庆藏族自治州,质量技术监督局,,27,14,14,6,7,85,85,101,100,9,7,10,10,0.3,0.3
2026-06-30T1400,4257A,104.6092,35.5962,定西市,将台街,,49,28,44,8,15,154,154,96,96,2,12,6,5,0.1,0.2
2026-06-30T1400,4309A,104.6159,35.5701,定西市,正龙路62号,,48,29,46,3,11,152,152,95,95,5,10,6,6,0.4,0.4
2026-06-30T1400,4071A,114.9883,38.5232,定州市,交通局,颗粒物(PM10),57,59,64,22,37,158,158,117,117,14,16,4,4,0.4,0.5
2026-06-30T1400,4072A,115.0045,38.5136,定州市,第五中学,颗粒物(PM10),65,71,69,34,36,158,158,115,113,12,15,4,4,0.4,0.4
2026-06-30T1400,1390A,113.7943,23.0132,东莞市,东城石井,,45,16,23,8,15,141,141,78,78,10,20,3,2,0.5,0.6
2026-06-30T1400,1391A,113.7384,22.9659,东莞市,南城西平,,32,10,22,3,11,102,102,67,67,12,30,4,3,0.5,0.6
2026-06-30T1400,3319A,113.7283,23.041,东莞市,万江金泰,,40,16,21,10,15,128,128,76,76,13,28,8,8,0.6,0.6
2026-06-30T1400,4129A,113.8666,23.1062,东莞市,裕兴路,NA,NA,18,26,8,13,142,142,94,94,NA,19,6,9,0.7,0.7
2026-06-30T1400,4130A,114.0076,22.9739,东莞市,教育路1号,,40,11,26,3,15,126,126,64,64,11,34,5,6,0.7,0.7
2026-06-30T1400,4131A,113.7981,22.8124,东莞市,长怡路1号,,35,12,28,3,12,109,109,64,64,8,25,5,4,0.6,0.6
2026-06-30T1400,1666A,118.6612,37.4313,东营市,市环保局,,45,17,39,16,33,141,141,89,89,10,13,5,6,0.5,0.6
2026-06-30T1400,3036A,118.6903,37.4337,东营市,开发区管委会,,45,17,39,16,31,144,144,92,92,13,14,11,9,0.6,0.6
2026-06-30T1400,3365A,118.5721,37.5654,东营市,垦利区民丰路,,37,29,44,19,30,118,118,85,85,8,13,12,13,0.5,0.5
2026-06-30T1400,3498A,118.5063,37.8606,东营市,河口城区,,40,7,37,3,57,128,128,113,113,9,13,3,6,0.9,0.9
2026-06-30T1400,3646A,118.4979,37.4623,东营市,胜利站,,45,28,39,16,34,141,141,88,88,10,13,6,7,0.8,0.8
2026-06-30T1400,3734A,118.5753,37.4405,东营市,理想之城,,43,NA,37,27,51,136,136,84,84,12,16,7,8,0.4,0.5
2026-06-30T1400,1591A,110.0024,39.8127,鄂尔多斯市,综合楼,臭氧1小时(O3_1h),54,17,35,6,13,163,163,126,126,7,21,10,11,0.4,0.6
2026-06-30T1400,1592A,109.9485,39.8259,鄂尔多斯市,巴音孟克林场办事处,臭氧1小时(O3_1h),52,27,29,8,12,161,161,135,135,7,14,5,4,0.3,0.3
2026-06-30T1400,1593A,109.7734,39.5987,鄂尔多斯市,康泽苑,臭氧1小时(O3_1h),55,27,25,10,9,164,164,128,128,6,10,10,10,0.2,0.3
2026-06-30T1400,1594A,109.8121,39.5987,鄂尔多斯市,华泰汽车城,,49,31,24,10,10,156,156,110,110,5,12,8,8,0.4,0.5
2026-06-30T1400,1595A,109.9734,39.7884,鄂尔多斯市,奥林花园,,50,29,35,3,14,159,159,119,119,5,19,5,4,0.3,0.5
2026-06-30T1400,2436A,114.894,30.3989,鄂州市,市政府,,21,21,26,9,12,63,63,59,57,16,12,5,5,0.9,0.8
2026-06-30T1400,2437A,114.8986,30.3714,鄂州市,赵家坝,,25,14,24,3,12,79,79,57,57,10,12,8,9,0.8,0.9
2026-06-30T1400,3654A,114.8093,30.4091,鄂州市,精准医疗中心,,22,21,26,15,15,55,55,53,53,25,17,5,7,1.0,1
2026-06-30T1400,2454A,109.4978,30.2979,恩施土家族苗族自治州,湖北民院,,20,18,22,13,10,61,61,28,28,2,4,4,4,0.4,0.4
2026-06-30T1400,3549A,109.5061,30.3771,恩施土家族苗族自治州,龙凤新区,,19,19,17,12,11,46,46,27,27,13,8,6,6,0.5,0.5
2026-06-30T1400,2499A,108.3411,21.6159,防城港市,沙万,,19,8,22,3,9,59,59,43,43,9,16,2,3,0.6,0.8
2026-06-30T1400,2500A,108.3515,21.7733,防城港市,防城档案局,,19,11,20,3,11,58,58,48,48,5,8,6,7,0.6,0.7
2026-06-30T1400,2501A,108.3506,21.6414,防城港市,大海花园,,22,NA,18,3,8,70,70,NA,NA,5,8,6,8,0.6,0.7
2026-06-30T1400,1371A,113.1293,23.0065,佛山市,湾梁,,24,NA,16,7,10,74,74,54,54,8,18,/,/,/,/
2026-06-30T1400,1372A,113.1082,23.0477,佛山市,华材职中,,25,9,17,7,11,79,79,58,58,2,12,6,7,0.3,0.3
2026-06-30T1400,1373A,113.1439,23.045,佛山市,南海气象局,,25,10,19,6,11,79,79,53,53,9,22,/,/,/,/
2026-06-30T1400,1374A,113.2879,22.8094,佛山市,顺德苏岗,,27,NA,16,3,8,84,84,60,60,10,19,/,/,0.7,0.7
2026-06-30T1400,1376A,112.8384,22.8678,佛山市,高明孔堂,,20,13,20,3,8,63,63,57,57,4,9,/,/,/,/
2026-06-30T1400,1377A,112.8835,23.1584,佛山市,三水监测站,,23,19,19,12,15,72,72,55,55,9,27,5,5,0.6,0.6
2026-06-30T1400,1378A,112.8668,23.185,佛山市,三水云东海,,27,24,28,10,16,84,84,60,60,9,19,/,/,/,/
2026-06-30T1400,3625A,113.2568,22.7629,佛山市,容桂街道办,NA,NA,NA,9,6,9,87,87,61,61,NA,14,/,/,/,/
2026-06-30T1400,1282A,119.2681,26.0506,福州市,师大,,26,18,19,3,4,81,81,52,52,5,8,4,4,0.2,0.3
2026-06-30T1400,1283A,119.2983,26.1028,福州市,五四北路,,28,20,16,3,4,89,89,58,58,6,10,4,4,0.4,0.4
2026-06-30T1400,1284A,119.2648,26.0769,福州市,杨桥西路,,26,18,17,3,2,81,81,53,53,5,8,4,4,/,/
2026-06-30T1400,3048A,119.5799,26.0937,福州市,九龙,,26,22,21,3,4,83,83,59,59,4,6,6,6,0.2,0.2
2026-06-30T1400,3526A,119.5188,25.9666,福州市,吴航,,26,NA,3,6,5,83,83,62,62,6,7,6,6,0.5,0.5
2026-06-30T1400,4104A,119.3106,26.0648,福州市,路通桥巷6号,,29,14,12,3,6,92,92,63,63,4,7,/,/,/,/
2026-06-30T1400,1755A,123.7974,41.8494,抚顺市,望花区,,40,30,38,11,17,125,125,96,96,10,19,12,11,0.7,0.8
2026-06-30T1400,1756A,123.9161,41.8827,抚顺市,顺城区,,45,23,27,6,13,143,143,102,102,10,21,13,12,0.7,0.7
2026-06-30T1400,1757A,124.0437,41.8615,抚顺市,东洲区,,44,16,19,7,10,138,138,99,99,10,13,12,11,0.6,0.3
2026-06-30T1400,1758A,123.9246,41.8638,抚顺市,新抚区,,48,36,28,10,15,152,152,107,107,8,18,10,8,0.9,0.7
2026-06-30T1400,1759A,124.0972,41.8961,抚顺市,大伙房水库,,43,17,19,3,11,137,137,101,101,9,13,12,11,0.5,0.5
2026-06-30T1400,1760A,123.708,41.8386,抚顺市,沈抚新城,,42,23,34,8,14,132,132,101,101,12,25,11,10,0.6,0.7
2026-06-30T1400,2377A,116.3544,27.9833,抚州市,市站,,24,24,25,10,6,53,53,37,37,2,3,1,2,0.7,0.7
2026-06-30T1400,2378A,116.3562,27.9631,抚州市,血防站,,17,17,20,8,5,46,46,34,34,4,6,5,5,0.6,0.7
2026-06-30T1400,2379A,116.3561,28.0007,抚州市,采茶剧团,,24,24,20,3,3,58,58,42,42,3,7,5,5,0.5,0.6
2026-06-30T1400,2380A,116.3854,27.9648,抚州市,医学分院,,19,19,21,3,3,46,46,41,41,2,4,4,4,0.8,0.8
2026-06-30T1400,2207A,121.6095,41.9978,阜新市,工业园区,,48,NA,33,33,19,82,82,83,83,12,19,7,10,0.4,0.3
2026-06-30T1400,2208A,121.6567,42.0188,阜新市,长青街,,45,NA,29,31,18,88,88,89,89,12,16,9,11,0.5,0.4
2026-06-30T1400,3298A,113.5718,23.5493,广州市,从化街口,,26,12,17,9,11,81,81,53,53,5,10,8,8,0.4,0.5
2026-06-30T1400,3299A,113.3463,23.369,广州市,白云竹料,,43,20,24,12,14,136,136,67,67,12,19,3,3,0.5,0.6
2026-06-30T1400,3300A,113.2981,23.2365,广州市,白云嘉禾,,34,19,25,10,14,108,108,66,66,16,33,14,13,/,/
2026-06-30T1400,3301A,113.4256,23.1716,广州市,黄埔科学城,,33,7,23,7,18,104,104,62,62,10,26,8,8,0.6,0.7
2026-06-30T1400,3302A,113.3942,23.0485,广州市,番禺大学城,,27,16,21,3,8,84,84,61,61,13,25,4,5,0.4,0.3
2026-06-30T1400,3303A,113.4923,22.8169,广州市,南沙黄阁,,26,NA,15,15,7,82,82,64,64,21,16,7,6,/,/
2026-06-30T1400,3304A,113.534,22.7893,广州市,南沙街,,26,NA,15,3,6,83,83,62,62,5,17,8,8,0.4,0.4
2026-06-30T1400,3443A,113.2905,23.5541,广州市,花都梯面,,35,18,20,9,11,111,111,61,61,7,14,8,8,/,/
2026-06-30T1400,3445A,113.786,23.7479,广州市,从化良口,,18,8,5,6,9,56,56,42,42,4,10,4,4,/,/
2026-06-30T1400,3446A,113.805,23.2614,广州市,增城荔城,,40,21,20,16,14,127,127,58,58,8,15,8,8,0.5,0.5
2026-06-30T1400,2506A,109.604387,23.066791,贵港市,江南子站,,24,24,22,14,13,73,73,48,48,2,9,7,6,0.5,0.6
2026-06-30T1400,2508A,109.5669,23.1065,贵港市,荷城子站,,28,19,18,19,12,74,74,48,48,4,10,7,7,0.7,0.7
2026-06-30T1400,3405A,109.5886,23.1172,贵港市,新世纪学校,,22,14,19,14,13,70,70,44,44,4,11,/,/,0.6,0.5
2026-06-30T1400,4260A,109.5933,23.095,贵港市,中山路155-3号,,25,23,27,12,13,77,77,52,52,4,11,/,/,0.5,0.6
2026-06-30T1400,1439A,106.6863,26.6035,贵阳市,马鞍山,,12,9,10,6,5,37,37,33,33,9,10,10,9,/,/
2026-06-30T1400,1441A,106.6241,26.6266,贵阳市,鉴湖路,,22,22,21,3,5,45,45,44,44,7,8,7,7,0.7,0.8
2026-06-30T1400,1442A,106.7468,26.6344,贵阳市,燕子冲,,14,14,17,7,6,42,42,33,31,11,12,8,8,0.8,0.8
2026-06-30T1400,1443A,106.6556,26.4362,贵阳市,碧云窝,,22,22,23,10,7,53,53,40,36,13,11,6,5,/,/
2026-06-30T1400,1445A,106.6963,26.6063,贵阳市,红边门,,15,7,9,3,5,46,46,36,35,9,11,4,5,/,/
2026-06-30T1400,1446A,106.7162383,26.56964667,贵阳市,新华路,NA,NA,17,15,3,4,52,52,43,41,8,9,NA,4,0.6,0.6
2026-06-30T1400,1447A,106.6742,26.542,贵阳市,太慈桥,,14,14,13,6,5,37,37,29,29,15,11,2,2,/,/
2026-06-30T1400,4230A,106.688212,26.56952,贵阳市,花果园大街66号,,15,10,12,6,7,46,46,37,36,12,12,2,2,/,/
2026-06-30T1400,4231A,106.687268,26.516892,贵阳市,漓江路57号,,14,14,14,6,7,40,40,30,26,15,30,2,2,0.9,0.9
2026-06-30T1400,1864A,110.3091,25.2705,桂林市,龙隐路小学,,19,NA,24,13,12,52,52,42,42,4,5,3,4,0.5,0.7
2026-06-30T1400,1865A,110.2849361,25.22909545,桂林市,八中,,17,9,23,3,9,53,53,44,44,7,9,4,8,0.7,0.8
2026-06-30T1400,3531A,110.296,25.1254,桂林市,旅游学院,,17,14,27,3,11,53,53,42,42,4,4,7,9,0.3,0.4
2026-06-30T1400,4222A,110.1835,25.2444,桂林市,环湖路276号,,30,NA,14,21,12,54,54,50,50,1,4,4,4,0.4,0.5
2026-06-30T1400,4301A,110.2803,25.2773,桂林市,信义路13号,,17,14,24,6,13,54,54,43,43,4,7,4,10,0.5,0.7
2026-06-30T1400,2674A,100.2262,34.4854,果洛藏族自治州,玛沁县大武镇,,38,33,40,6,12,121,121,90,90,1,2,13,12,0.3,0.3
2026-06-30T1400,1130A,126.5557,45.8109,哈尔滨市,松北商大,,49,39,43,33,30,154,154,106,106,9,19,5,6,0.5,0.5
2026-06-30T1400,1132A,126.6162,45.719,哈尔滨市,南岗学府路,颗粒物(PM10),53,54,53,35,34,132,132,101,101,22,29,6,8,0.4,0.4
2026-06-30T1400,1133A,126.6894,45.7733,哈尔滨市,太平宏伟公园,,40,39,49,25,19,125,125,86,86,25,26,5,6,0.4,0.4
2026-06-30T1400,1134A,126.6361,45.7672,哈尔滨市,道外承德广场,颗粒物(PM10),65,70,65,28,21,144,144,108,108,24,27,5,6,0.9,0.6
2026-06-30T1400,1136A,126.644,45.7261,哈尔滨市,动力和平路,颗粒物(PM10),58,61,62,34,19,130,130,109,109,24,29,6,8,0.4,0.5
2026-06-30T1400,1137A,126.5933,45.7479,哈尔滨市,道里建国路,NA,NA,NA,55,NA,25,153,153,57,NA,NA,21,22,9,1.3,1.4
2026-06-30T1400,1138A,126.6127,45.6119,哈尔滨市,平房东轻厂,,43,NA,24,30,17,117,117,85,85,11,16,3,6,0.8,0.8
2026-06-30T1400,1139A,126.5875,45.9827,哈尔滨市,呼兰师专,,50,47,49,25,18,157,157,92,92,8,24,4,3,0.5,0.6
2026-06-30T1400,1140A,126.6299,45.6799,哈尔滨市,省农科院,颗粒物(PM10),73,82,68,44,26,129,129,90,90,21,35,5,5,0.4,0.5
2026-06-30T1400,4282A,126.6769,45.7379,哈尔滨市,华山路1号,,48,48,38,28,18,135,135,106,106,15,21,7,8,0.2,0.3
2026-06-30T1400,4283A,126.9717,45.5356,哈尔滨市,解放大街52号,,43,28,42,21,11,135,135,98,98,12,18,6,4,0.7,0.5
2026-06-30T1400,2688A,93.5124,42.8176,哈密市,地区监测站,,42,11,14,9,9,133,133,108,108,6,7,10,6,0.5,0.4
2026-06-30T1400,2689A,93.5014,42.8312,哈密市,哈密师范学校,,42,16,22,12,12,132,132,98,98,8,12,8,7,0.1,0.1
2026-06-30T1400,2671A,100.9016,36.9464,海北藏族自治州,海晏县西海镇,,48,15,18,14,9,151,151,113,113,1,2,5,7,0.3,0.3
2026-06-30T1400,3867A,102.074,36.5056,海东市,平安区公安局北苑,NA,NA,17,27,10,15,141,141,95,95,2,7,9,9,NA,0.5
2026-06-30T1400,4163A,102.0984,36.5119,海东市,滨河路,,45,16,27,6,15,142,142,91,91,5,28,5,7,0.4,0.5
2026-06-30T1400,1410A,110.3189,20.0596,海口市,海南大学,,23,14,15,8,7,71,71,62,62,4,6,4,5,0.3,0.4
2026-06-30T1400,1411A,110.2827,20.0051,海口市,秀英海南医院,,25,12,13,7,7,80,80,59,59,5,16,5,5,0.3,0.3
2026-06-30T1400,1412A,110.3391,19.9979,海口市,海南师范大学,,21,13,14,7,7,67,67,56,56,2,6,2,3,0.4,0.4
2026-06-30T1400,1413A,110.3303,20.0359,海口市,龙华路环保局宿舍,,24,17,15,8,8,75,75,62,62,3,6,/,/,0.3,0.3
2026-06-30T1400,3539A,110.5111,19.9737,海口市,桂林洋子站,,21,15,17,8,8,66,66,55,55,3,6,/,/,/,/
2026-06-30T1400,4134A,110.1952,20.0451,海口市,长滨二路9号,,20,12,16,6,8,64,64,53,53,3,6,/,/,/,/
2026-06-30T1400,2673A,100.6158,36.2985,海南藏族自治州,共和县恰卜恰镇,,44,23,24,7,13,138,138,102,102,1,6,8,10,0.4,0.4
2026-06-30T1400,2676A,97.373,37.376,海西蒙古族藏族自治州,德令哈市,颗粒物(PM10),171,292,70,94,24,134,134,120,120,1,2,20,19,0.3,0.3
2026-06-30T1400,1049A,114.492,36.5712,邯郸市,矿院,臭氧1小时(O3_1h),112,44,53,39,43,224,224,148,148,3,12,10,6,0.8,1
2026-06-30T1400,1050A,114.4839,36.6136,邯郸市,丛台公园,臭氧1小时(O3_1h),111,54,57,34,40,221,221,137,137,5,14,14,11,0.8,0.9
2026-06-30T1400,3458A,114.7893,36.5592,邯郸市,香泉濮院小区,臭氧1小时(O3_1h),92,57,68,50,56,193,193,116,116,10,24,1,3,0.7,0.7
2026-06-30T1400,3580A,114.1998,36.4439,邯郸市,峰峰矿区临水派出所,臭氧1小时(O3_1h),95,40,46,21,29,196,196,134,134,8,18,15,14,0.9,1.2
2026-06-30T1400,4068A,114.5209,36.7697,邯郸市,建安街268号,臭氧1小时(O3_1h),112,51,64,29,39,223,223,136,136,10,23,8,3,0.8,0.8
2026-06-30T1400,4069A,114.5488,36.6177,邯郸市,丛台东路558号,臭氧1小时(O3_1h),101,51,64,48,42,202,202,116,116,5,32,4,4,0.7,0.8
2026-06-30T1400,2635A,107.0155,33.0707,汉中市,市监测站,,43,39,38,23,26,137,137,82,82,6,11,4,4,0.5,0.4
2026-06-30T1400,2636A,107.0083,33.114,汉中市,鑫源开发区,,47,39,50,12,12,148,148,94,94,6,16,7,7,0.5,0.5
2026-06-30T1400,2637A,107.0072,33.0323,汉中市,南郑大河坎水厂,,39,34,30,16,21,123,123,75,75,6,12,4,3,0.6,0.6
2026-06-30T1400,1223A,120.2073,30.2111,杭州市,滨江,,15,12,24,8,16,48,48,28,28,11,18,4,4,0.6,0.6
2026-06-30T1400,1224A,120.0625,30.2737,杭州市,西溪,,13,8,18,3,10,39,39,21,21,7,11,4,4,0.8,0.9
2026-06-30T1400,1226A,120.3417,30.315,杭州市,下沙,,17,10,20,8,19,54,54,32,32,12,26,4,4,0.6,0.6
2026-06-30T1400,1227A,120.1252,30.2465,杭州市,卧龙桥,,18,17,28,12,17,33,33,19,19,14,15,5,5,0.5,0.6
2026-06-30T1400,1228A,120.1902,30.2691,杭州市,浙江农大,NA,NA,10,19,NA,17,51,51,29,29,14,22,6,6,0.4,0.5
2026-06-30T1400,1230A,120.1195,30.3121,杭州市,和睦小学,,17,10,21,8,18,52,52,29,29,5,11,8,8,0.6,0.6
2026-06-30T1400,1231A,120.3076,30.4146,杭州市,临平镇,,17,11,32,8,16,53,53,37,37,12,22,6,6,0.6,0.6
2026-06-30T1400,1232A,120.2753,30.1839,杭州市,城厢镇,,16,16,21,10,12,49,49,26,26,15,20,5,5,0.9,0.9
2026-06-30T1400,1233A,120.0883,30.1808,杭州市,云栖,,14,13,25,7,15,42,42,21,21,16,19,5,5,0.7,0.7
2026-06-30T1400,3557A,119.9463,30.0496,杭州市,镇二中,,15,10,20,3,14,45,45,21,21,11,20,5,5,0.8,0.9
2026-06-30T1400,3558A,119.7184,30.2367,杭州市,市府大楼,,14,6,16,3,14,44,44,30,30,6,9,7,7,0.5,0.6
2026-06-30T1400,3656A,120.1554,30.2863,杭州市,消防大队,,16,12,21,11,18,49,49,25,25,11,15,8,8,0.8,0.8
2026-06-30T1400,1270A,117.1957,31.7845,合肥市,明珠广场,,39,9,34,3,21,123,123,103,103,3,7,7,7,0.5,0.6
2026-06-30T1400,1271A,117.307,31.8765,合肥市,三里街,,36,14,37,3,23,114,114,97,97,7,12,9,9,0.5,0.7
2026-06-30T1400,1272A,117.2587,31.8703,合肥市,琥珀山庄,,39,12,36,3,23,124,124,106,106,4,7,6,7,0.5,0.7
2026-06-30T1400,1275A,117.2593,31.9376,合肥市,庐阳区,,44,19,42,3,22,139,139,114,114,10,17,8,13,0.4,0.4
2026-06-30T1400,1276A,117.345251,31.861615,合肥市,瑶海区,,37,12,39,3,21,118,118,102,102,5,12,7,9,0.5,0.7
2026-06-30T1400,1277A,117.3033,31.7967,合肥市,包河区,,34,9,34,3,21,108,108,101,101,7,10,7,9,0.6,0.7
2026-06-30T1400,1278A,117.278,31.7392,合肥市,滨湖新区,,34,6,31,3,18,107,107,101,101,3,7,10,11,0.6,0.7
2026-06-30T1400,1279A,117.1324,31.8395,合肥市,高新区,,40,14,35,3,21,128,128,108,108,2,6,6,7,0.5,0.6
2026-06-30T1400,3464A,117.3802,31.9148,合肥市,高教基地,,37,9,38,3,22,118,118,103,103,4,9,5,6,0.4,0.6
2026-06-30T1400,4098A,117.2518,31.8404,合肥市,中国科学技术大学,,40,9,30,3,20,128,128,110,110,4,8,9,9,0.5,0.7
2026-06-30T1400,3614A,79.9241,37.0878,和田地区,地区环保局,颗粒物(PM10),95,112,88,26,27,148,148,115,115,2,6,7,7,0.2,0.2
2026-06-30T1400,3615A,79.9132,37.1137,和田地区,市环保局,颗粒物(PM10),90,106,87,25,21,146,146,113,113,4,17,2,2,0.3,0.5
2026-06-30T1400,2517A,108.0496,24.6957,河池市,市环保站,,26,26,23,10,10,48,48,38,38,5,7,4,3,0.9,0.9
2026-06-30T1400,4302A,108.0901,24.6945,河池市,上任中路54号,,31,31,23,3,9,59,59,47,47,6,9,4,3,0.8,0.8
2026-06-30T1400,1697A,114.6962,23.7538,河源市,东埔,NA,NA,30,15,NA,8,63,63,41,41,4,7,4,5,0.6,0.6
2026-06-30T1400,1698A,114.6895,23.7232,河源市,老城,NA,NA,NA,18,7,9,66,66,43,43,6,8,6,10,0,0.2
2026-06-30T1400,3374A,115.5562,35.089,菏泽市,定陶老年大学,臭氧1小时(O3_1h),83,58,57,39,41,186,186,155,155,8,10,2,3,0.5,0.5
2026-06-30T1400,4114A,115.4239,35.2593,菏泽市,黄河路600号,颗粒物(PM10),55,56,64,25,42,154,154,131,131,5,7,4,4,0.5,0.5
2026-06-30T1400,4115A,115.5025,35.2727,菏泽市,菏泽市人社局,颗粒物(PM10),54,55,57,27,40,144,144,116,116,10,14,6,6,0.5,0.4
2026-06-30T1400,4184A,115.479691,35.244011,菏泽市,永昌路1号,臭氧1小时(O3_1h),63,52,65,24,39,170,170,137,137,6,12,6,6,0.3,0.3
2026-06-30T1400,4193A,115.471542,35.280012,菏泽市,长城路999号,NA,NA,NA,55,NA,39,162,162,130,130,6,10,NA,12,0.4,0.7
2026-06-30T1400,2514A,111.5264,24.4178,贺州市,环保小区,,24,17,20,7,13,75,75,48,48,4,8,4,4,0.3,0.4
2026-06-30T1400,2515A,111.561,24.4074,贺州市,政协大楼,NA,NA,NA,NA,NA,NA,NA,NA,NA,NA,NA,NA,NA,NA,NA,NA
2026-06-30T1400,3534A,111.4744,24.455,贺州市,西湾,,20,6,29,6,9,62,62,44,44,6,9,8,8,0.3,0.4
2026-06-30T1400,2385A,114.17,35.9019,鹤壁市,市监测站,臭氧1小时(O3_1h),68,59,52,36,36,174,174,115,115,8,8,7,6,0.8,0.8
2026-06-30T1400,2386A,114.2953,35.7512,鹤壁市,市交警支队,臭氧1小时(O3_1h),63,57,55,41,34,170,170,108,108,12,17,6,6,0.7,0.7
2026-06-30T1400,2387A,114.2877,35.7302,鹤壁市,迎宾馆,臭氧1小时(O3_1h),68,68,46,29,30,174,174,98,98,7,12,12,8,0.9,0.8
2026-06-30T1400,3474A,114.2616,35.6824,鹤壁市,大新区,臭氧1小时(O3_1h),67,63,48,43,35,173,173,95,95,10,16,8,7,0.8,0.8
2026-06-30T1400,3596A,114.1573,35.9607,鹤壁市,南山宾馆,细颗粒物(PM2.5),76,54,43,48,39,173,173,112,112,9,8,12,10,0.7,0.7
2026-06-30T1400,2244A,130.2537,47.3416,鹤岗市,哈啤分公司,,37,18,23,9,9,118,118,88,88,7,10,3,3,0.1,0.1
2026-06-30T1400,2245A,130.2683,47.3087,鹤岗市,斯达机电,,38,16,23,10,11,119,119,92,92,5,9,5,5,0.3,0.2
2026-06-30T1400,2246A,130.3114,47.3388,鹤岗市,东山纸板厂,,34,15,72,9,17,106,106,81,81,8,19,4,7,0.2,0.3
2026-06-30T1400,2263A,127.4832,50.2524,黑河市,交通局,,39,22,25,11,11,124,124,100,100,6,12,5,5,0.5,0.5
2026-06-30T1400,2264A,127.5146,50.2339,黑河市,环保局,,40,24,23,10,12,127,127,96,96,6,12,6,7,0.2,0.3
2026-06-30T1400,1074A,115.6839,37.754,衡水市,电机北厂,臭氧1小时(O3_1h),106,107,78,59,47,211,211,134,134,8,16,1,2,0.6,0.6
2026-06-30T1400,1075A,115.6303,37.7318,衡水市,市监测站,臭氧1小时(O3_1h),104,81,73,47,40,208,208,123,123,7,18,4,7,1.0,0.9
2026-06-30T1400,3188A,115.6684,37.7216,衡水市,市城管局,臭氧1小时(O3_1h),104,69,71,41,41,208,208,126,126,6,16,5,5,0.5,0.5
2026-06-30T1400,3459A,115.599,37.5491,衡水市,地表水厂,臭氧1小时(O3_1h),104,83,71,51,40,207,207,137,137,7,20,7,7,0.5,0.4
2026-06-30T1400,2457A,112.6209,26.9268,衡阳市,衡阳化工总厂,,27,20,29,18,17,84,84,52,52,4,8,6,6,0.9,0.9
2026-06-30T1400,2458A,112.621,26.8957,衡阳市,珠晖区环保局,,27,26,29,15,15,85,85,52,52,1,6,6,6,0.9,1
2026-06-30T1400,2459A,112.628,26.8654,衡阳市,市委党校,,30,30,27,19,19,85,85,52,52,2,4,7,9,0.5,0.6
2026-06-30T1400,2460A,112.6007,26.8977,衡阳市,市监测站,,31,31,25,6,17,85,85,56,56,4,8,8,9,0.8,1
2026-06-30T1400,2461A,112.5658,26.9013,衡阳市,真空机电公司,,25,17,25,10,19,79,79,53,53,4,11,6,5,0.8,1.3
2026-06-30T1400,3399A,112.6703,26.8817,衡阳市,师范学院,,27,21,26,9,14,85,85,51,51,2,6,9,8,0.7,0.8
2026-06-30T1400,3038A,103.3757,23.3679,红河哈尼族彝族自治州,州图书馆,,29,NA,23,20,15,59,59,44,44,5,7,7,5,0.5,0.4
2026-06-30T1400,4154A,103.401,23.3561,红河哈尼族彝族自治州,蒙自市朝阳路,,26,NA,15,18,15,62,62,48,48,4,7,8,9,0.4,0.4
2026-06-30T1400,1090A,111.6506,40.7517,呼和浩特市,呼市一监,,50,22,21,10,11,160,160,118,118,5,7,8,7,0.5,0.4
2026-06-30T1400,1094A,111.7516,40.8369,呼和浩特市,如意水处理厂,臭氧1小时(O3_1h),52,31,25,16,13,161,161,132,132,7,9,8,8,0.5,0.4
2026-06-30T1400,1095A,111.727798,40.806187,呼和浩特市,二十九中,,50,26,25,17,18,160,160,122,122,2,10,10,10,0.6,0.6
2026-06-30T1400,1097A,111.717,40.7617,呼和浩特市,化肥厂生活区,,50,24,25,22,16,157,157,124,124,8,11,12,11,0.6,0.5
2026-06-30T1400,3699A,111.6519,40.8389,呼和浩特市,海东办,,50,29,24,8,6,159,159,117,117,11,13,10,8,0.6,0.5
2026-06-30T1400,4275A,111.591512,40.827312,呼和浩特市,成吉思汗西街8号,,48,31,24,17,9,152,152,110,110,16,20,10,7,0.4,0.3
2026-06-30T1400,4276A,111.6597,40.8077,呼和浩特市,公园东路75号,臭氧1小时(O3_1h),57,24,21,12,9,165,165,134,134,9,10,12,12,0.7,0.6
2026-06-30T1400,4277A,111.5427,40.7846,呼和浩特市,金海路35号,,43,32,29,16,14,135,135,106,106,16,16,9,8,0.7,0.5
2026-06-30T1400,3061A,119.7511,49.1576,呼伦贝尔市,国华电力东,,35,18,23,14,15,112,112,94,94,5,8,5,5,0.4,0.4
2026-06-30T1400,4279A,119.7569,49.2222,呼伦贝尔市,伊敏大街东7号,,34,26,22,6,12,107,107,91,91,7,12,6,6,0.4,0.5
2026-06-30T1400,1250A,120.075,30.867,湖州市,城西水厂,NA,NA,25,36,19,23,NA,NA,68,NA,NA,14,4,5,0.8,0.6
2026-06-30T1400,2873A,120.083,30.8929,湖州市,仁皇山新区,,26,20,33,18,24,43,43,51,51,22,15,5,5,0.6,0.6
2026-06-30T1400,2907A,120.1846,30.8592,湖州市,吴兴区站,,39,NA,22,27,20,51,51,57,57,22,16,6,6,0.6,0.5
2026-06-30T1400,3562A,120.4146,30.8538,湖州市,南浔区站,,36,NA,18,25,17,52,52,55,54,18,15,7,7,0.7,0.7
2026-06-30T1400,1607A,120.904878,40.721091,葫芦岛市,龙港区,,36,36,27,17,19,108,108,90,90,5,7,8,8,0.5,0.5
2026-06-30T1400,1608A,120.8382,40.7521,葫芦岛市,化工街,,33,27,26,16,18,104,104,85,85,10,14,11,12,0.3,0.3
2026-06-30T1400,1609A,120.8339,40.7078,葫芦岛市,新区,,42,42,27,24,19,99,99,80,80,5,8,4,4,0.3,0.4
2026-06-30T1400,1610A,120.8697,40.7679,葫芦岛市,东城区,,36,36,27,20,22,103,103,87,87,7,12,2,2,0.5,0.5
2026-06-30T1400,2483A,109.9297,27.5383,怀化市,河西地税局,,25,14,18,12,12,79,79,76,69,5,6,9,10,/,/
2026-06-30T1400,2484A,109.9783,27.5342,怀化市,市四医院,,23,19,21,16,16,71,71,77,68,6,6,6,7,0.1,0.4
2026-06-30T1400,2485A,109.9971,27.5579,怀化市,监测楼,,23,16,20,12,13,73,73,72,68,5,7,7,8,0.2,0.2
2026-06-30T1400,1210A,119.0566,33.5991,淮安市,钵池山,,41,41,50,24,34,121,121,77,77,8,11,7,8,0.4,0.4
2026-06-30T1400,1211A,119.0083,33.578,淮安市,北京南路,,44,44,52,25,37,135,135,91,91,3,7,6,7,0.9,0.9
2026-06-30T1400,1212A,118.9938,33.6083,淮安市,市监测站,,42,34,43,24,40,132,132,86,86,8,13,6,7,0.3,0.7
2026-06-30T1400,1213A,119.135,33.5038,淮安市,楚州区监测站,颗粒物(PM10),51,51,44,21,38,130,130,80,80,3,8,6,6,0.7,0.8
2026-06-30T1400,3426A,118.8757,33.2897,淮安市,新华书店,,47,45,53,27,30,149,149,89,89,8,14,9,9,0.9,0.9
2026-06-30T1400,4092A,119.119691,33.550006,淮安市,枚皋中路89号,,45,45,45,21,32,128,128,85,85,7,11,7,8,0.8,0.8
2026-06-30T1400,4206A,119.028838,33.631911,淮安市,承德北路606号,,46,46,50,29,39,121,121,77,77,3,7,6,6,0.9,0.8
2026-06-30T1400,2282A,116.8005,33.9749,淮北市,监测站,臭氧1小时(O3_1h),92,50,58,46,40,193,193,140,140,10,11,6,6,0.6,0.7
2026-06-30T1400,2283A,116.8094,33.9008,淮北市,烈山区政府,臭氧1小时(O3_1h),93,59,77,25,47,194,194,143,143,6,9,3,4,0.7,0.7
2026-06-30T1400,4017A,116.7926,33.9534,淮北市,市博物馆,臭氧1小时(O3_1h),102,51,58,43,40,204,204,146,146,6,9,3,3,0.7,0.7
2026-06-30T1400,4100A,116.8322,33.9884,淮北市,杜集区第一实验学校,臭氧1小时(O3_1h),78,72,81,32,47,182,182,133,133,9,10,6,6,0.7,0.7
2026-06-30T1400,2277A,116.8304,32.7726,淮南市,潘集区政府,,44,13,51,3,29,140,140,113,113,3,15,8,8,0.2,0.4
2026-06-30T1400,2279A,116.8569,32.5949,淮南市,谢家集区政府,,40,6,40,3,31,126,126,111,111,6,12,7,8,0.1,0.3
2026-06-30T1400,2280A,116.8279,32.6333,淮南市,八公山区政府,,40,18,48,3,31,126,126,113,113,5,8,6,8,0.1,0.4
2026-06-30T1400,2894A,117.0561,32.6536,淮南市,经济技术开发区消防队,,39,6,36,3,31,122,122,106,106,5,11,7,8,0.4,0.6
2026-06-30T1400,3329A,117.011,32.5891,淮南市,山南新区,,39,6,38,3,32,122,122,106,106,2,7,9,10,0.3,0.5
2026-06-30T1400,4209A,117.003137,32.644456,淮南市,国庆中路369号,,35,8,52,3,30,111,111,93,93,6,12,7,7,0.2,0.4
2026-06-30T1400,2446A,114.9021,30.474,黄冈市,职工中心,,22,15,20,7,12,70,70,63,63,10,10,9,9,0.8,0.7
2026-06-30T1400,2929A,114.8858,30.4519,黄冈市,红卫路,,23,15,18,14,16,72,72,60,60,2,5,7,7,0.7,0.6
2026-06-30T1400,3398A,114.9134,30.4446,黄冈市,市林业局,,28,NA,21,19,17,74,74,66,66,7,10,5,4,0.6,0.5
2026-06-30T1400,2672A,102.02,35.5101,黄南藏族自治州,同仁县隆务镇,臭氧1小时(O3_1h),58,NA,21,9,10,166,166,123,123,1,2,10,10,0.2,0.2
2026-06-30T1400,2295A,118.2905,29.6965,黄山市,延安路89号,,13,6,7,3,1,39,39,32,32,8,6,5,6,0.5,0.4
2026-06-30T1400,2297A,118.1369,30.2755,黄山市,黄山区政府5号楼,,17,6,16,3,4,53,53,64,62,1,3,3,3,0.5,0.5
2026-06-30T1400,4210A,118.335445,29.720283,黄山市,滨江东路7-2号,,11,10,18,3,2,34,34,32,30,4,7,/,/,/,/
2026-06-30T1400,2423A,115.0547,30.2332,黄石市,沈家营,,26,26,32,3,10,62,62,56,55,9,9,6,6,0.6,0.6
2026-06-30T1400,2426A,114.899,30.211,黄石市,铁山,NA,NA,NA,22,7,12,60,60,68,61,5,3,4,4,0.3,0.3
2026-06-30T1400,2427A,115.0259,30.2108,黄石市,团城山,,22,21,25,3,12,70,70,75,70,5,3,3,4,0.6,0.7
2026-06-30T1400,3149A,115.0174,30.1591,黄石市,笔架山北路,,27,27,35,3,11,74,74,63,61,6,5,4,4,0.3,0.3
2026-06-30T1400,4185A,115.078022,30.21118,黄石市,磁湖东路29号,,22,22,25,6,11,70,70,76,68,17,10,6,5,1.0,0.8
2026-06-30T1400,1392A,114.4181,23.0528,惠州市,河南岸金山湖子站,,30,13,12,8,7,93,93,57,57,5,10,7,7,0.5,0.5
2026-06-30T1400,1393A,114.4055,23.0824,惠州市,下埔横江三路子站,,32,12,14,7,8,100,100,63,63,4,8,5,5,0.5,0.5
2026-06-30T1400,1395A,114.4645,22.7832,惠州市,惠阳区承修路船湖子站,,25,6,11,3,6,77,77,58,58,4,7,3,4,0.6,0.6
2026-06-30T1400,1396A,114.5316,22.7423,惠州市,大亚湾管委会子站,,21,6,12,3,7,65,65,49,49,3,9,5,5,0.5,0.5
2026-06-30T1400,3314A,114.4334,22.8134,惠州市,惠阳秋长,,26,7,10,3,5,82,82,62,62,3,9,/,/,/,/
2026-06-30T1400,3452A,114.6521,22.7755,惠州市,大亚湾霞涌,,25,8,11,3,5,78,78,50,50,3,5,/,/,/,/
2026-06-30T1400,4300A,114.4089,23.1147,惠州市,文华一路1号,,29,10,12,7,8,91,91,60,60,3,10,/,/,/,/
2026-06-30T1400,2240A,130.9618,45.2926,鸡西市,环保局,,44,32,26,16,16,138,138,105,105,8,12,10,10,0.3,0.3
2026-06-30T1400,2243A,130.9294,45.2959,鸡西市,第一中学,,34,25,28,23,18,108,108,83,83,5,16,9,9,0.3,0.3
2026-06-30T1400,3707A,131.0069,45.2988,鸡西市,欧美日汽修厂,,39,21,29,16,12,124,124,97,97,5,14,6,6,0.6,0.6
2026-06-30T1400,2367A,114.9753,27.0803,吉安市,红声器材厂,,25,25,24,6,6,79,79,62,62,4,8,6,6,0.3,0.3
2026-06-30T1400,2369A,114.9903,27.1313,吉安市,市环境监测站,,26,24,25,3,7,82,82,61,61,3,7,7,8,/,/
2026-06-30T1400,2370A,115.009527,27.096792,吉安市,青原区法院,,29,29,26,12,7,86,86,65,65,4,7,7,7,0.3,0.2
2026-06-30T1400,1772A,126.54,43.8622,吉林市,哈达湾,,43,20,41,11,24,136,136,110,110,7,20,5,6,0.4,0.5
2026-06-30T1400,1773A,126.5843,43.8358,吉林市,东局子,,42,22,28,14,26,134,134,105,105,7,14,4,4,1.0,1.1
2026-06-30T1400,1774A,126.5051,43.8243,吉林市,电力学院,,47,12,39,11,26,150,150,117,117,4,21,5,5,0.9,1
2026-06-30T1400,1775A,126.6133,43.8971,吉林市,江北,,40,31,32,24,32,125,125,106,106,11,14,7,7,0.6,0.6
2026-06-30T1400,1776A,126.5549,43.8304,吉林市,江南公园,,44,20,33,12,21,138,138,109,109,6,11,5,5,0.1,0.2
2026-06-30T1400,2868A,126.4737,43.953,吉林市,九站,,46,41,45,23,31,146,146,120,120,12,24,15,6,0.5,0.3
2026-06-30T1400,1299A,116.9866,36.6118,济南市,科干所,,47,14,44,3,33,148,148,164,154,11,13,4,4,0.6,0.8
2026-06-30T1400,1300A,116.9379,36.6652,济南市,农科所,,43,12,49,3,40,137,137,138,137,8,15,3,3,0.2,0.4
2026-06-30T1400,1301A,117.1265,36.6736,济南市,开发区,,37,22,50,6,37,118,118,118,115,4,12,5,6,0.5,0.7
2026-06-30T1400,1303A,117.0616,36.6865,济南市,省种子仓库,,45,27,62,3,40,143,143,142,138,5,16,5,5,0.4,0.7
2026-06-30T1400,1304A,116.9495185,36.644937,济南市,机床二厂,,45,17,49,3,35,144,144,137,137,7,12,5,5,0.3,0.5
2026-06-30T1400,1305A,117.0496,36.6629,济南市,市监测站,,44,17,54,3,35,140,140,144,141,8,15,4,3,0.3,0.6
2026-06-30T1400,1306A,116.7674,36.5458,济南市,长清党校,,43,32,50,14,34,136,136,144,119,6,10,3,4,0.4,0.5
2026-06-30T1400,1961A,117.5323,36.6865,济南市,东山小学,,46,46,49,28,34,132,132,136,133,11,13,3,5,0.4,0.5
2026-06-30T1400,3059A,117.7181,36.205,济南市,泰兴公司,细颗粒物(PM2.5),88,78,49,54,33,137,137,108,108,12,17,15,9,1.2,0.5
2026-06-30T1400,3064A,117.6861,36.2172,济南市,莱芜战役纪念馆,细颗粒物(PM2.5),76,73,45,48,31,123,123,101,101,15,14,13,5,1.0,0.6
2026-06-30T1400,3494A,117.1673,36.9782,济南市,济阳区政府,臭氧1小时(O3_1h),62,63,60,30,42,169,169,121,121,12,18,4,3,0.5,0.6
2026-06-30T1400,3495A,117.1168,36.6299,济南市,锦屏中学,,35,24,50,7,34,110,110,117,111,5,9,7,8,0.2,0.4
2026-06-30T1400,4108A,117.7107,36.2385,济南市,山财大街5号,细颗粒物(PM2.5),109,NA,45,69,38,135,135,114,114,14,19,10,8,1.1,0.7
2026-06-30T1400,4109A,116.9744,36.6889,济南市,无影山路12号,,43,17,53,3,42,137,137,135,134,6,18,2,3,0.4,0.7
2026-06-30T1400,1653A,116.6229,35.4288,济宁市,火炬城,臭氧1小时(O3_1h),83,84,55,38,36,186,186,139,139,6,13,4,4,0.8,0.8
2026-06-30T1400,3500A,116.5808,35.3703,济宁市,北湖一中,臭氧1小时(O3_1h),98,95,71,48,48,198,198,143,143,5,8,6,6,0.7,0.6
2026-06-30T1400,3501A,116.8251,35.5592,济宁市,服务中心,臭氧1小时(O3_1h),104,76,57,24,43,207,207,155,155,7,10,3,1,0.7,0.7
2026-06-30T1400,3678A,116.5907,35.4054,济宁市,市第七中学,臭氧1小时(O3_1h),102,92,71,43,42,204,204,150,150,6,10,4,4,0.6,0.6
2026-06-30T1400,4111A,116.6075,35.4566,济宁市,任和路,臭氧1小时(O3_1h),103,65,74,47,44,206,206,155,155,9,11,4,4,0.8,0.7
2026-06-30T1400,4112A,116.5648,35.3921,济宁市,文体南路1号,臭氧1小时(O3_1h),83,62,65,16,38,186,186,130,130,4,7,6,4,1.1,0.9
2026-06-30T1400,4122A,112.6071,35.1015,济源市,市委党校,臭氧1小时(O3_1h),60,42,50,25,20,168,168,103,103,8,15,10,10,0.6,0.7
2026-06-30T1400,4123A,112.596,35.0702,济源市,沁园中路1号,臭氧1小时(O3_1h),79,36,37,24,20,183,183,114,114,8,13,5,3,0.8,0.6
2026-06-30T1400,2255A,130.2749,46.8028,佳木斯市,佳纺,颗粒物(PM10),62,66,44,9,13,97,97,87,87,4,19,3,2,0.1,0.2
2026-06-30T1400,2257A,130.3258,46.7975,佳木斯市,环保局,,29,13,27,3,14,91,91,88,88,6,19,3,4,0.1,0.2
2026-06-30T1400,4285A,130.363,46.806,佳木斯市,顺和街,,28,15,25,9,12,88,88,88,88,4,15,2,2,0.1,0.2
2026-06-30T1400,4286A,130.3952,46.8268,佳木斯市,长安路196号,,29,14,28,6,10,91,91,84,84,8,25,13,6,0.1,0.2
2026-06-30T1400,1252A,120.7439,30.778,嘉兴市,清河小学,,32,28,18,22,9,62,62,56,56,15,14,5,5,0.7,0.6
2026-06-30T1400,1253A,120.7261,30.7477,嘉兴市,嘉兴学院,,25,NA,17,17,12,65,65,55,55,16,17,4,4,0.7,0.7
2026-06-30T1400,2872A,120.7845,30.7524,嘉兴市,南湖区残联,NA,NA,20,15,18,12,72,72,53,53,12,14,6,7,NA,0.7
2026-06-30T1400,3407A,120.6915,30.7741,嘉兴市,秀洲住建,,22,16,15,15,9,65,65,54,54,15,17,6,6,0.7,0.7
2026-06-30T1400,1945A,98.291,39.7705,嘉峪关市,气象局,颗粒物(PM10),65,70,42,36,18,127,127,94,94,8,16,34,17,0.8,0.7
2026-06-30T1400,2884A,98.2672,39.7978,嘉峪关市,酒钢宾馆,NA,NA,NA,42,NA,17,99,99,79,79,6,12,30,24,0.7,0.8
2026-06-30T1400,3248A,98.2644,39.7723,嘉峪关市,雄关区,颗粒物(PM10),62,66,47,25,14,125,125,96,96,8,17,30,15,0.2,0.3
2026-06-30T1400,1383A,113.1063,22.6058,江门市,北街,,23,12,17,3,7,72,72,55,55,3,8,/,/,/,/
2026-06-30T1400,1384A,113.073,22.5835,江门市,西区,,25,6,15,3,8,77,77,55,55,5,12,/,/,/,/
2026-06-30T1400,1385A,113.0218,22.531,江门市,圭峰西,,32,32,21,3,7,79,79,57,57,6,10,/,/,/,/
2026-06-30T1400,1386A,113.0826,22.5947,江门市,东湖,,25,8,13,3,7,78,78,56,56,6,11,6,6,0.3,0.4
2026-06-30T1400,3311A,113.1077,22.5647,江门市,江海富民,,41,41,30,3,8,82,82,61,61,5,11,/,/,0.7,0.8
2026-06-30T1400,3449A,113.0496,22.4669,江门市,新会银湖,NA,NA,NA,17,NA,5,NA,NA,79,45,NA,15,NA,2,NA,0.6
2026-06-30T1400,3335A,113.3137,35.2643,焦作市,马村街道办,臭氧1小时(O3_1h),69,36,41,25,27,175,175,101,101,8,13,10,9,0.4,0.5
2026-06-30T1400,3336A,113.2464,35.2374,焦作市,焦作技师学院,臭氧1小时(O3_1h),58,29,44,24,26,166,166,104,104,10,13,10,10,0.7,0.8
2026-06-30T1400,3477A,113.1656,35.2536,焦作市,中站许衡医院,臭氧1小时(O3_1h),55,43,44,25,25,164,164,113,113,7,10,9,8,0.5,0.6
2026-06-30T1400,3981A,113.2456,35.18,焦作市,原李万街道办,臭氧1小时(O3_1h),64,39,47,22,25,171,171,98,98,6,9,9,7,0.5,0.6
2026-06-30T1400,4264A,113.234,35.219,焦作市,新安路1731号,臭氧1小时(O3_1h),70,NA,47,27,27,176,176,111,111,1,7,11,11,0.5,0.8
2026-06-30T1400,4295A,113.2722,35.2121,焦作市,人民路3066号,臭氧1小时(O3_1h),89,42,46,27,28,191,191,114,114,10,16,7,6,0.6,0.6
2026-06-30T1400,1708A,116.3701,23.5345,揭阳市,新兴,,24,9,20,3,9,76,76,49,49,5,18,7,6,0.3,0.5
2026-06-30T1400,1709A,116.3261,23.5442,揭阳市,西马,,25,11,19,3,10,78,78,50,50,5,14,4,6,0.5,0.6
2026-06-30T1400,1710A,116.361,23.5627,揭阳市,东兴,,36,36,18,3,10,74,74,45,45,4,13,2,4,/,/
2026-06-30T1400,1711A,116.4151,23.5295,揭阳市,渔湖,NA,NA,NA,23,4,9,65,65,43,43,3,14,3,2,/,/
2026-06-30T1400,3320A,116.4028,23.5699,揭阳市,曲溪,,19,9,8,3,8,58,58,35,35,2,12,5,6,0.2,0.2
2026-06-30T1400,1944A,102.1691,38.5166,金昌市,天庆家园,,43,29,54,26,20,135,135,104,104,2,9,2,16,0.2,0.3
2026-06-30T1400,4022A,102.1648,38.5369,金昌市,金川区人防中心,,42,24,47,3,18,134,134,106,106,3,7,5,7,0.2,0.2
2026-06-30T1400,4239A,102.193042,38.531887,金昌市,长春路96号,,40,33,51,12,18,128,128,99,99,1,5,3,7,0.2,0.3
2026-06-30T1400,1262A,119.6478,29.0773,金华市,十五中,,38,37,28,26,16,75,75,31,31,14,20,1,1,0.6,0.6
2026-06-30T1400,1263A,119.6859,29.1032,金华市,监测站,,28,28,27,17,16,78,78,27,27,12,26,4,4,0.6,0.6
2026-06-30T1400,3659A,119.656,29.1132,金华市,气象局,,26,26,28,18,18,76,76,32,32,14,24,2,2,0.6,0.6
2026-06-30T1400,1767A,121.1114,41.0879,锦州市,南山,,44,44,30,24,25,91,91,80,80,10,16,4,5,0.3,0.3
2026-06-30T1400,1768A,121.060361,40.842794,锦州市,开发区,,45,45,40,27,23,96,96,88,88,14,14,6,9,0.4,0.4
2026-06-30T1400,1769A,121.1836,41.1118,锦州市,百股街道,,46,46,30,26,26,109,109,94,94,8,12,4,5,0.3,0.4
2026-06-30T1400,1770A,121.1176,41.1224,锦州市,天安街道,,46,46,34,27,27,100,100,86,86,10,13,4,6,0.5,0.6
2026-06-30T1400,1771A,121.1303,41.1385,锦州市,北湖公园,NA,NA,NA,35,24,24,96,96,84,84,6,10,2,4,0.2,0.3
2026-06-30T1400,2160A,112.8496,35.5051,晋城市,自来水公司,,48,26,45,15,16,152,152,105,105,4,13,5,5,0.7,1
2026-06-30T1400,2162A,112.8509,35.4886,晋城市,市环保局,,45,33,38,3,19,141,141,98,98,5,13,7,6,0.7,1.1
2026-06-30T1400,3620A,112.8258,35.4804,晋城市,泽州一中,,46,31,37,13,21,146,146,104,104,9,14,4,4,0.7,0.9
2026-06-30T1400,4078A,112.8246,35.5152,晋城市,前书院路,臭氧1小时(O3_1h),52,29,35,7,18,161,161,107,107,4,10,3,3,0.6,0.9
2026-06-30T1400,4079A,112.8864,35.4773,晋城市,祥云街666号,,42,37,37,19,25,132,132,91,91,4,12,4,3,0.7,0.9
2026-06-30T1400,2174A,112.6992,37.6984,晋中市,榆次区政府,臭氧1小时(O3_1h),54,27,46,19,32,163,163,101,101,3,20,9,11,0.6,0.8
2026-06-30T1400,2865A,112.7195,37.683,晋中市,榆次三中,臭氧1小时(O3_1h),59,27,44,14,30,167,167,107,107,3,19,10,11,0.5,0.7
2026-06-30T1400,4080A,112.7375,37.7215,晋中市,广安街188号,臭氧1小时(O3_1h),52,16,47,14,27,161,161,103,103,4,17,9,11,0.4,0.4
2026-06-30T1400,4200A,112.7478,37.6954,晋中市,迎宾街26号,,49,22,38,10,27,156,156,102,102,6,18,8,9,0.5,0.6
2026-06-30T1400,2439A,112.2012,31.048,荆门市,竹园小学,,40,40,30,16,20,74,74,96,94,17,15,4,4,0.7,0.7
2026-06-30T1400,2440A,112.1968,30.9892,荆门市,掇刀,,35,35,30,16,22,68,68,78,78,10,11,8,9,0.6,0.6
2026-06-30T1400,3012A,112.1849,31.0361,荆门市,西山林语,,26,26,24,16,20,67,67,81,81,9,7,9,9,0.5,0.5
2026-06-30T1400,3547A,112.1631,31.0134,荆门市,龙泉中学南校,,29,29,26,8,13,73,73,82,82,9,9,7,6,0.9,0.9
2026-06-30T1400,3665A,76.1654,39.7157,克孜勒苏柯尔克孜自治州,克州文化中心,颗粒物(PM10),86,100,79,28,28,141,141,113,113,3,13,6,8,0.2,0.2
2026-06-30T1400,1450A,102.8203,24.889,昆明市,呈贡新区,,30,16,13,3,8,95,95,82,82,2,5,3,5,0.8,0.8
2026-06-30T1400,1452A,102.7253,25.0904,昆明市,龙泉镇,,30,15,18,3,9,93,93,68,68,6,8,6,5,0.3,0.4
2026-06-30T1400,1453A,102.7267,25.0378,昆明市,东风东路,,32,13,12,6,9,100,100,81,81,9,11,2,2,0.3,0.3
2026-06-30T1400,1454A,102.6744,25.0671,昆明市,金鼎山,,32,14,20,12,11,102,102,76,76,8,11,4,4,0.4,0.4
2026-06-30T1400,1455A,102.6643,25.0401,昆明市,碧鸡广场,,31,17,18,8,12,99,99,72,72,7,11,3,3,0.5,0.6
2026-06-30T1400,3179A,102.7491,25.012,昆明市,官渡区博物馆,,30,21,17,8,10,94,94,72,72,9,14,4,3,0.3,0.4
2026-06-30T1400,3375A,102.8016,24.8336,昆明市,青年创业园,,30,13,13,10,8,95,95,81,81,6,7,4,4,0.3,0.3
2026-06-30T1400,3550A,102.8,24.9787,昆明市,昆明学院,,32,14,16,3,8,102,102,72,72,8,15,5,6,0.2,0.3
2026-06-30T1400,3551A,102.5969,24.6738,昆明市,晋宁区生态环境分局,,34,11,13,9,8,106,106,92,92,4,5,4,4,0.6,0.6
2026-06-30T1400,3552A,102.6673,24.9861,昆明市,云天化总部,,31,16,14,8,7,98,98,74,74,8,11,5,5,0.4,0.4
2026-06-30T1400,1456A,91.132,29.6515,拉萨市,八廓街,,43,7,11,3,7,135,135,130,127,4,8,5,5,0.3,0.4
2026-06-30T1400,1457A,91.1221,29.6748,拉萨市,市环保局,,43,8,9,6,6,135,135,127,122,7,9,7,7,0.2,0.2
2026-06-30T1400,1458A,91.0874,29.6476,拉萨市,区监测站,,44,6,8,3,6,140,140,129,124,8,11,5,5,0.3,0.3
2026-06-30T1400,1459A,91.1774,29.6541,拉萨市,西藏大学,,42,6,9,3,6,133,133,129,129,6,10,4,4,0.2,0.3
2026-06-30T1400,1460A,90.9798,29.6586,拉萨市,区辐射站,,41,10,11,3,6,131,131,128,121,7,14,6,7,0.2,0.3
2026-06-30T1400,1461A,91.0831,29.6292,拉萨市,拉萨火车站,,43,6,8,3,5,135,135,126,124,6,9,4,4,0.3,0.2
2026-06-30T1400,2520A,109.2203,23.7252,来宾市,来宾技工学校,,24,NA,22,11,11,75,75,56,56,5,9,28,9,0.6,0.6
2026-06-30T1400,3535A,109.1781,23.7293,来宾市,兴宾区政府,,24,19,23,7,11,74,74,51,51,7,8,8,7,0.5,0.6
2026-06-30T1400,4002A,109.2312,23.7428,来宾市,中南小学,,26,21,22,8,10,82,82,57,57,3,8,6,5,0.5,0.6
2026-06-30T1400,1479A,103.8309,36.0467,兰州市,铁路设计院,,49,21,51,12,25,156,156,106,106,9,31,7,11,0.6,0.8
2026-06-30T1400,3241A,103.7439,36.0841,兰州市,百合公园,,50,27,51,7,22,159,159,106,106,6,40,10,9,0.7,0.8
2026-06-30T1400,3242A,103.9613,35.9985,兰州市,和平,,50,19,41,16,17,158,158,111,111,2,9,12,16,0.2,0.4
2026-06-30T1400,4236A,103.629272,36.093822,兰州市,庄浪东路808号,,46,30,48,10,21,146,146,103,103,2,17,10,17,0.2,0.3
2026-06-30T1400,4237A,103.7251,36.104344,兰州市,安宁西路88号,臭氧1小时(O3_1h),68,34,61,9,24,174,174,119,119,3,32,10,14,0.2,0.4
2026-06-30T1400,4238A,103.846982,36.067567,兰州市,北滨河东路1号,,47,35,53,6,21,149,149,93,93,12,46,13,16,0.2,0.5
2026-06-30T1400,1067A,116.6712,39.5109,廊坊市,药材公司,,43,30,40,26,29,135,135,136,NA,5,9,3,2,0.6,0.5
2026-06-30T1400,1068A,116.7215,39.5592,廊坊市,开发区,,45,NA,39,30,31,141,141,118,104,8,12,3,3,0.5,0.5
2026-06-30T1400,1070A,116.7246,39.5273,廊坊市,北华航天学院,,46,28,29,25,26,146,146,124,107,4,9,3,3,0.5,0.5
2026-06-30T1400,2919A,116.7022,39.5454,廊坊市,河北工业大学,,47,NA,28,31,32,148,148,127,111,13,16,3,3,0.5,0.4
2026-06-30T1400,2536A,103.7629,29.5844,乐山市,牛耳桥,,45,36,18,31,11,64,64,41,41,9,8,6,5,0.8,0.7
2026-06-30T1400,2537A,103.7501,29.6002,乐山市,市第三水厂,细颗粒物(PM2.5),72,57,18,46,12,62,62,40,39,13,9,4,4,1.0,0.7
2026-06-30T1400,2538A,103.7571,29.5664,乐山市,市监测站,"颗粒物(PM10),细颗粒物(PM2.5)",52,52,22,36,11,55,55,37,37,11,7,2,2,0.9,0.7
2026-06-30T1400,3361A,103.7313,29.563,乐山市,理工大学,细颗粒物(PM2.5),96,61,21,58,15,59,59,37,37,14,6,4,4,0.9,0.6
2026-06-30T1400,2599A,100.2497,26.8802,丽江市,丽江古城,,26,15,13,6,6,81,81,75,74,9,9,8,8,0.6,0.6
2026-06-30T1400,2600A,100.2203,26.8906,丽江市,市中心,,24,15,10,8,8,75,75,69,69,9,7,7,7,0.8,0.7
2026-06-30T1400,1267A,119.9141,28.4513,丽水市,监测站大楼,,40,40,18,15,9,66,66,34,34,11,10,4,4,0.5,0.5
2026-06-30T1400,1268A,119.93,28.4589,丽水市,莲都小学,,35,35,22,19,9,71,71,32,32,13,13,/,/,/,/
2026-06-30T1400,1269A,119.8794,28.4232,丽水市,余庄前,,34,34,22,19,10,55,55,21,21,20,12,6,14,0.7,0.6
2026-06-30T1400,1173A,119.1759,34.5885,连云港市,市环境监测站,,46,34,35,31,34,146,146,112,112,5,6,7,7,0.5,0.5
2026-06-30T1400,3000A,119.3577,34.6971,连云港市,德源药业,,34,29,42,22,36,106,106,102,102,3,7,5,5,0.2,0.3
2026-06-30T1400,3007A,119.178,34.8442,连云港市,新城一中,,28,13,35,8,17,88,88,92,92,7,15,2,2,0.5,0.5
2026-06-30T1400,3008A,119.3607,34.7519,连云港市,胡沟管理处,,29,29,35,3,18,80,80,92,86,16,21,9,9,0.4,0.5
2026-06-30T1400,3009A,119.1478,34.5913,连云港市,矿山设计院,,49,41,40,34,30,135,135,101,101,5,8,4,4,0.4,0.4
2026-06-30T1400,3434A,119.2414,34.6539,连云港市,工贸学校,,44,30,35,18,23,139,139,115,115,10,9,4,4,0.5,0.5
2026-06-30T1400,3664A,119.4171,34.734,连云港市,连云街道,,29,21,33,10,18,90,90,96,96,6,9,8,9,0.4,0.5
2026-06-30T1400,2573A,102.2629,27.8981,凉山彝族自治州,西昌市政府,,36,24,20,9,13,114,114,56,56,6,9,6,6,0.3,0.5
2026-06-30T1400,2574A,102.2686,27.885,凉山彝族自治州,凉山州政府,,31,31,21,18,15,89,89,49,49,11,11,6,7,0.5,0.5
2026-06-30T1400,4229A,102.2342,27.8859,凉山彝族自治州,凯乐南路30号,NA,NA,NA,NA,NA,NA,NA,NA,NA,NA,NA,NA,NA,NA,NA,NA
2026-06-30T1400,2212A,123.1978,41.2036,辽阳市,宏伟区,,33,18,18,6,9,105,105,91,91,4,5,7,8,0.6,0.6
2026-06-30T1400,2213A,123.1684,41.2497,辽阳市,新华园,,35,17,22,6,11,110,110,96,96,5,6,7,8,0.4,0.4
2026-06-30T1400,2214A,123.2355,41.2663,辽阳市,滨河路,,31,16,19,6,11,98,98,86,86,5,10,8,8,0.3,0.3
2026-06-30T1400,4083A,123.153,41.2874,辽阳市,铁西路150号,,35,28,24,10,12,112,112,96,96,6,6,7,7,0.5,0.4
2026-06-30T1400,2227A,125.1359,42.8845,辽源市,环保局,,43,19,25,3,10,136,136,110,110,3,25,7,7,0.4,0.4
2026-06-30T1400,4085A,125.0998,42.9134,辽源市,安宁大街333号,,42,22,26,3,11,132,132,106,106,3,24,5,5,0.4,0.5
2026-06-30T1400,1625A,115.9789,36.4372,聊城市,区政府,细颗粒物(PM2.5),72,77,62,46,43,162,162,115,105,7,10,10,11,0.9,0.7
2026-06-30T1400,3200A,115.9772,36.4986,聊城市,监控中心,臭氧1小时(O3_1h),82,75,59,45,49,185,185,136,123,8,13,11,10,0.6,0.6
2026-06-30T1400,3513A,116.0443,36.436,聊城市,九州社区,细颗粒物(PM2.5),98,91,14,59,58,182,182,128,123,4,10,11,4,2.2,0.9
2026-06-30T1400,4018A,116.0564,36.4609,聊城市,星美广场,细颗粒物(PM2.5),100,99,80,60,53,173,173,118,112,7,11,6,7,0.7,0.6
2026-06-30T1400,4113A,116.0091,36.4495,聊城市,利民路,细颗粒物(PM2.5),100,85,67,60,49,180,180,121,116,8,13,14,13,0.6,0.5
2026-06-30T1400,2632A,94.3683,29.6373,林芝市,林芝监测站,,25,6,5,3,4,77,77,61,61,4,5,4,4,0.3,0.4
2026-06-30T1400,2633A,94.3616,29.6634,林芝市,林芝人民医院,NA,NA,10,7,3,4,80,80,61,61,5,6,NA,3,0.2,0.2
2026-06-30T1400,2603A,100.0779,23.8981,临沧市,市环保局,,15,12,24,3,12,45,45,28,28,5,7,1,4,0.4,0.4
2026-06-30T1400,2604A,100.0894,23.882,临沧市,市气象局,NA,NA,14,19,12,12,51,51,34,34,5,8,6,6,NA,0.1
2026-06-30T1400,1733A,111.5552,36.0791,临汾市,临钢医院,,49,30,40,13,19,156,156,96,96,8,17,6,5,0.5,0.6
2026-06-30T1400,1734A,111.4984,36.0734,临汾市,技工学校,,48,31,46,16,32,151,151,98,98,6,16,6,7,0.5,0.7
2026-06-30T1400,1736A,111.5017,36.0857,临汾市,市委,,47,26,59,8,18,149,149,94,94,5,17,6,5,0.6,0.7
2026-06-30T1400,3018A,111.5048,36.1015,临汾市,唐尧大酒店,,49,36,58,14,20,154,154,94,94,7,17,6,6,0.6,0.8
2026-06-30T1400,4244A,111.4879,36.053,临汾市,启星学校,,47,NA,40,19,24,150,150,103,103,6,16,7,6,0.7,0.9
2026-06-30T1400,4271A,103.2464,35.6123,临夏回族自治州,滨河东路1号,,42,31,44,6,14,132,132,82,82,4,16,14,13,0.3,0.3
2026-06-30T1400,4310A,103.207136,35.599807,临夏回族自治州,新华街21号,,38,38,37,7,15,120,120,72,72,1,12,10,9,0.3,0.4
2026-06-30T1400,1618A,118.3429,35.0532,临沂市,沂河小区,细颗粒物(PM2.5),86,63,63,53,43,134,134,103,103,9,13,8,8,0.4,0.5
2026-06-30T1400,1619A,118.2962,35.0568,临沂市,鲁南制药厂,细颗粒物(PM2.5),72,75,63,46,39,128,128,83,83,10,16,9,10,0.7,0.8
2026-06-30T1400,1620A,118.2793,34.9976,临沂市,新光毛纺厂,细颗粒物(PM2.5),112,NA,53,73,54,140,140,80,80,6,14,5,6,0.4,0.5
2026-06-30T1400,1621A,118.3955,35.0889,临沂市,河东保险公司,细颗粒物(PM2.5),62,53,53,41,38,121,121,65,65,7,14,7,6,0.2,0.3
2026-06-30T1400,3370A,118.3563,35.0215,临沂市,十里堡居委,细颗粒物(PM2.5),60,56,50,40,43,124,124,79,79,16,20,10,10,0.7,0.7
2026-06-30T1400,3496A,118.359,35.1067,临沂市,南坊新区,细颗粒物(PM2.5),113,NA,62,74,54,138,138,85,85,11,15,5,5,0.6,0.7
2026-06-30T1400,3860A,118.3915,35.0297,临沂市,皇山花园小区,细颗粒物(PM2.5),96,68,58,58,41,137,137,89,89,10,13,7,8,0.7,0.7
2026-06-30T1400,1870A,109.4854,24.3898,柳州市,柳东小学,,25,22,25,6,12,77,77,47,47,3,8,3,4,0.3,0.7
2026-06-30T1400,1871A,109.4109,24.3304,柳州市,环保监测站,,23,13,27,6,15,73,73,46,46,5,15,7,7,0.6,0.8
2026-06-30T1400,1872A,109.3886,24.3408,柳州市,河西水厂,,24,19,31,7,17,76,76,43,43,2,13,8,8,0.6,0.8
2026-06-30T1400,1873A,109.4263,24.2951,柳州市,市四中,,24,20,30,6,16,76,76,45,45,5,16,6,6,0.5,0.7
2026-06-30T1400,1874A,109.396,24.3658,柳州市,市九中,,24,12,33,7,18,74,74,38,38,6,16,6,6,0.1,0.3
2026-06-30T1400,1875A,109.4912,24.3164,柳州市,古亭山,,27,27,29,6,11,73,73,42,42,4,13,3,3,0.6,0.7
2026-06-30T1400,3402A,109.5422,24.3994,柳州市,市二中,,31,31,30,7,15,84,84,51,51,2,11,5,6,0.5,0.7
2026-06-30T1400,2307A,116.5078,31.7369,六安市,监测大楼,,30,6,26,3,26,93,93,88,86,4,7,3,3,0.4,0.6
2026-06-30T1400,2308A,116.4738,31.7642,六安市,皖西学院,,33,6,34,3,24,105,105,98,98,2,5,6,6,0.3,0.5
2026-06-30T1400,2309A,116.4997,31.7904,六安市,朝阳厂,,30,8,28,3,26,96,96,87,87,5,9,6,7,0.2,0.4
2026-06-30T1400,2310A,116.5566,31.7885,六安市,开发区,,30,7,33,3,25,96,96,90,90,4,11,5,6,0.1,0.4
2026-06-30T1400,2577A,104.8293,26.592,六盘水市,黄土坡,,25,15,13,14,9,77,77,62,62,7,10,9,6,0.4,0.4
2026-06-30T1400,2579A,104.8481,26.5898,六盘水市,民中,,22,NA,10,14,9,70,70,57,57,9,13,3,3,0.4,0.4
2026-06-30T1400,2580A,104.9541,26.5506,六盘水市,双水,,25,7,9,3,4,79,79,73,73,3,6,4,4,0.3,0.3
2026-06-30T1400,4151A,104.8899,26.5685,六盘水市,钟山大道中段564号,,23,NA,17,10,11,71,71,55,55,4,11,7,7,0.6,0.8
2026-06-30T1400,2336A,117.022,25.1031,龙岩市,龙岩市监测站,,20,20,14,3,8,60,60,41,41,1,8,4,5,0.2,0.3
2026-06-30T1400,2337A,117.0257,25.0662,龙岩市,闽西职业技术学院,,17,9,16,3,7,54,54,37,37,2,6,4,4,0.3,0.4
2026-06-30T1400,2338A,117.0195,25.0306,龙岩市,龙岩学院,,17,17,15,3,5,53,53,41,41,2,6,2,3,/,/
2026-06-30T1400,2885A,104.9344,33.3827,陇南市,滨江中学,,37,18,26,3,10,116,116,86,85,5,6,8,8,0.4,0.4
2026-06-30T1400,3247A,104.9551,33.3709,陇南市,市总工会,,36,22,26,3,11,114,114,85,85,4,5,10,9,0.3,0.3
2026-06-30T1400,2488A,111.9984,27.7346,娄底市,市监测站,NA,NA,39,44,26,32,73,73,75,70,9,10,NA,4,0.6,0.7
2026-06-30T1400,2491A,111.9888,27.7035,娄底市,市政府,,45,32,36,31,32,87,87,78,78,13,7,14,13,0.8,0.6
2026-06-30T1400,4127A,111.9812,27.7591,娄底市,涟钢职大,,24,14,38,3,31,74,74,81,74,5,7,1,3,0.3,0.4
2026-06-30T1400,4128A,112.0303,27.7457,娄底市,娄底体校,,33,31,46,23,31,88,88,78,78,6,7,2,3,0.5,0.5
2026-06-30T1400,1894A,105.4427,28.9063,泸州市,小市上码头,,47,47,34,28,17,70,70,39,39,12,11,6,6,0.5,0.4
2026-06-30T1400,1895A,105.4241,28.8573,泸州市,兰田宪桥,颗粒物(PM10),58,60,47,36,27,78,78,38,38,13,16,3,3,0.5,0.5
2026-06-30T1400,1896A,105.4378,28.8833,泸州市,市环监站,,45,45,32,23,13,61,61,30,30,14,15,4,5,0.7,0.7
2026-06-30T1400,4272A,105.3689,28.7783,泸州市,纳溪中医医院,,42,NA,19,29,23,65,65,34,34,12,16,2,2,0.7,0.7
2026-06-30T1400,2183A,111.1447,37.5212,吕梁市,环保局,臭氧1小时(O3_1h),69,32,33,3,13,175,175,116,116,5,14,7,5,0.3,0.3
2026-06-30T1400,2185A,111.1285,37.5338,吕梁市,自来水公司,臭氧1小时(O3_1h),72,21,36,3,15,177,177,118,118,7,14,5,3,0.5,0.5
2026-06-30T1400,2867A,111.1225,37.5093,吕梁市,马茂庄小学,臭氧1小时(O3_1h),74,23,36,3,13,179,179,115,115,6,18,4,3,0.1,0.2
2026-06-30T1400,1812A,112.3934,34.6517,洛阳市,市委党校,,45,33,36,17,22,142,142,96,96,6,9,8,8,0.5,0.5
2026-06-30T1400,1815A,112.494,34.6883,洛阳市,河南林校,,50,36,41,18,23,159,159,113,113,7,11,11,10,0.3,0.4
2026-06-30T1400,1816A,112.3843,34.623,洛阳市,开发区管委会,,49,29,32,9,21,156,156,106,106,1,2,10,9,0.5,0.5
2026-06-30T1400,1817A,112.4263,34.6249,洛阳市,市委新办公区,,43,26,29,20,21,137,137,93,93,5,6,11,10,0.4,0.4
2026-06-30T1400,3340A,112.6005,34.6323,洛阳市,伊滨,,44,18,35,14,20,140,140,98,98,8,8,5,4,0.4,0.4
2026-06-30T1400,3341A,112.495,34.6338,洛阳市,中移产业园,,46,31,35,16,22,147,147,99,99,4,8,12,8,0.7,0.7
2026-06-30T1400,3593A,112.5736,34.8993,洛阳市,吉利监测站,臭氧1小时(O3_1h),53,42,41,14,20,162,162,98,98,4,9,12,8,0.3,0.3
2026-06-30T1400,3635A,112.3678,34.6623,洛阳市,河科大西苑校区,,47,40,37,29,24,150,150,100,100,6,9,12,11,0.7,0.7
2026-06-30T1400,3636A,112.4387,34.678,洛阳市,英才小学,,44,32,37,23,25,140,140,97,97,3,8,8,9,0.6,0.6
2026-06-30T1400,4214A,112.460027,34.694929,洛阳市,春都路1号院,,49,32,36,21,23,156,156,106,106,4,9,6,5,0.4,0.4
2026-06-30T1400,2399A,114.051,33.5721,漯河市,三五一五工厂,NA,NA,36,46,28,34,156,156,99,99,NA,35,6,7,0.2,0.2
2026-06-30T1400,2400A,114.0055,33.5698,漯河市,漯河大学,NA,NA,26,38,13,32,NA,NA,84,84,NA,33,6,8,0.5,0.7
2026-06-30T1400,2401A,114.0134,33.5826,漯河市,市水利局,"细颗粒物(PM2.5),臭氧1小时(O3_1h)",52,NA,45,36,32,161,161,100,100,13,27,6,8,0.3,0.4
2026-06-30T1400,2402A,114.0261,33.5697,漯河市,市广电局,,49,22,42,22,27,155,155,99,99,9,29,5,7,0.4,0.5
2026-06-30T1400,3478A,113.9691,33.568,漯河市,市图书馆,颗粒物(PM10),51,51,51,24,31,156,156,87,87,12,36,6,8,0.5,0.7
2026-06-30T1400,4250A,114.089259,33.588274,漯河市,韶山路11号,颗粒物(PM10),64,69,56,29,33,170,170,98,98,9,28,7,8,0.4,0.4
2026-06-30T1400,1798A,118.5084,31.6838,马鞍山市,湖东路四小,,28,8,30,3,17,89,89,84,84,3,8,7,8,0.5,0.6
2026-06-30T1400,1799A,118.5019,31.6449,马鞍山市,开发区,,32,6,30,3,20,100,100,91,91,2,6,6,6,0.5,0.6
2026-06-30T1400,3633A,118.4914,31.681,马鞍山市,雨山,,30,12,28,3,17,94,94,89,89,2,8,3,4,0.5,0.6
2026-06-30T1400,4191A,118.527362,31.722269,马鞍山市,慈湖高新区,,29,6,31,3,19,92,92,86,86,4,11,6,7,0.4,0.5
2026-06-30T1400,1686A,111.0285,21.469,茂名市,电白南海,,19,7,17,3,2,60,60,66,64,5,4,6,6,0.6,0.6
2026-06-30T1400,1687A,110.9294,21.6533,茂名市,茂石化七小,,20,9,19,3,9,62,62,51,51,9,9,6,9,0.4,0.5
2026-06-30T1400,1688A,110.9108,21.6688,茂名市,健康路,,22,NA,10,6,8,68,68,55,55,6,6,4,8,0.5,0.5
2026-06-30T1400,1689A,110.8592,21.6826,茂名市,高岭,,29,29,25,6,7,68,68,55,55,8,8,5,7,/,/
2026-06-30T1400,3450A,111.0101,21.5165,茂名市,电白水东,,20,NA,12,7,7,64,64,64,63,3,5,2,2,/,/
2026-06-30T1400,2540A,103.8414,30.0871,眉山市,气象局,,31,19,17,14,6,97,97,66,66,10,11,7,7,0.7,0.7
2026-06-30T1400,3148A,103.829,30.0563,眉山市,区人社局,,31,31,30,9,5,90,90,60,60,12,13,7,7,0.6,0.6
2026-06-30T1400,4148A,103.8836,30.0695,眉山市,眉职院,,29,29,19,13,6,84,84,56,56,10,13,7,7,0.8,0.8
2026-06-30T1400,1690A,116.1248,24.3307,梅州市,梅江月梅,,22,22,15,6,6,57,57,39,39,6,10,/,/,/,/
2026-06-30T1400,1691A,116.0798,24.2719,梅州市,梅县新城,,19,19,13,6,6,56,56,48,48,6,11,8,8,0.4,0.4
2026-06-30T1400,3315A,116.1234,24.2994,梅州市,梅龙,,17,NA,11,7,7,52,52,39,39,4,8,6,6,0.6,0.6
2026-06-30T1400,1878A,104.7775,31.4741,绵阳市,富乐山,,46,32,25,18,13,145,145,99,99,7,7,11,11,0.7,0.7
2026-06-30T1400,1880A,104.6698,31.4668,绵阳市,高新区自来水公司,,41,35,24,19,13,131,131,87,87,6,8,11,11,0.5,0.5
2026-06-30T1400,3491A,104.6899,31.5324,绵阳市,西科大附属小学,,48,31,24,26,16,151,151,91,91,10,10,6,6,0.2,0.2
2026-06-30T1400,3492A,104.5647,31.5343,绵阳市,安州区旅游局,,44,42,26,27,15,139,139,87,87,3,5,6,6,0.6,0.5
2026-06-30T1400,4146A,104.7092,31.4972,绵阳市,科技城新区公安局,,44,39,26,16,12,140,140,92,92,8,8,11,11,0.8,0.7
2026-06-30T1400,4226A,104.765114,31.453094,绵阳市,绵阳市气象局,,40,33,24,19,13,126,126,83,83,7,10,9,8,0.6,0.6
2026-06-30T1400,1784A,129.61,44.561,牡丹江市,环保大楼,,42,26,18,17,14,133,133,82,82,9,13,7,5,0.5,0.4
2026-06-30T1400,1787A,129.6364,44.6075,牡丹江市,机车工厂,,39,34,30,25,19,123,123,82,82,10,14,10,8,0.4,0.4
2026-06-30T1400,1788A,129.6386,44.5462,牡丹江市,第一中学,,40,24,26,18,12,127,127,84,84,10,15,10,8,0.6,0.4
2026-06-30T1400,4287A,129.5992,44.5964,牡丹江市,东晓云街98号,,40,28,26,24,16,125,125,84,84,10,10,7,5,0.3,0.3
2026-06-30T1400,2531A,105.0703,29.61,内江市,市监测站,,27,14,14,10,13,85,85,42,42,11,13,9,9,0.5,0.5
2026-06-30T1400,2533A,105.0657,29.5807,内江市,内江二中,,29,19,20,12,13,91,91,48,48,8,11,9,9,0.4,0.4
2026-06-30T1400,2534A,105.0407,29.5828,内江市,内江日报社,,30,NA,11,12,14,94,94,51,51,10,13,6,6,0.4,0.4
2026-06-30T1400,4147A,105.0433,29.6105,内江市,玉峰路西段888号,,25,14,18,13,14,80,80,NA,NA,10,14,6,7,0.5,0.5
2026-06-30T1400,2628A,92.0653,31.4846,那曲市,那曲监测站,,40,24,18,3,8,125,125,104,104,5,9,4,4,0.3,0.3
2026-06-30T1400,4243A,92.0515,31.4787,那曲市,那曲市委宣传部,,38,6,9,3,7,120,120,104,104,5,7,4,4,0.2,0.3
2026-06-30T1400,1291A,115.8887,28.7006,南昌市,省林业公司,NA,NA,NA,5,3,4,66,66,50,50,7,7,4,4,0.7,0.6
2026-06-30T1400,1292A,115.813,28.7443,南昌市,林科所,,20,NA,3,3,4,61,61,38,38,4,8,6,6,0.9,0.8
2026-06-30T1400,1294A,115.8518,28.687,南昌市,建工学校,NA,NA,6,5,3,4,63,63,43,43,6,7,5,5,NA,0.8
2026-06-30T1400,1295A,115.8926,28.6425,南昌市,象湖,,20,NA,2,7,5,63,63,40,40,8,12,8,8,0.6,0.5
2026-06-30T1400,3046A,115.9084,28.6062,南昌市,机电学校,,18,18,13,11,4,54,54,33,33,9,10,6,6,0.7,0.6
2026-06-30T1400,3690A,115.9718,28.7032,南昌市,外国语学校,,21,6,6,3,3,67,67,49,49,2,4,11,11,0.8,0.7
2026-06-30T1400,4106A,115.7923,28.6873,南昌市,工业二路,,18,7,10,3,2,55,55,37,37,5,5,5,5,0.7,0.6
2026-06-30T1400,4192A,115.931587,28.686774,南昌市,南京东路235号,,21,6,8,3,4,65,65,50,49,7,9,4,4,0.6,0.6
2026-06-30T1400,1906A,106.0791,30.8022,南充市,南充市委,,24,24,23,14,13,75,75,39,38,8,11,6,6,0.3,0.3
2026-06-30T1400,1907A,106.1038,30.8215,南充市,南充炼油厂,,27,16,22,14,13,84,84,55,47,7,11,7,6,0.2,0.2
2026-06-30T1400,4227A,106.108336,30.788436,南充市,梨树横街98号,,26,20,22,14,13,82,82,58,56,6,11,7,7,0.3,0.3
2026-06-30T1400,4304A,106.1172,30.843,南充市,清泉寺北路188号,,25,25,25,15,14,79,79,48,44,8,9,8,7,0.5,0.4
2026-06-30T1400,4305A,106.067,30.7616,南充市,同庆路1号,,25,22,21,17,13,76,76,53,50,10,11,7,7,0.4,0.4
2026-06-30T1400,1151A,118.8033,32.1085,南京市,迈皋桥,,32,6,26,3,19,101,101,82,82,4,10,4,5,0.3,0.4
2026-06-30T1400,1152A,118.7487,32.057,南京市,草场门,,33,6,25,3,17,103,103,82,82,6,12,4,5,0.5,0.6
2026-06-30T1400,1154A,118.770105,32.004342,南京市,中华门,,30,6,22,3,17,93,93,74,74,6,8,6,6,0.2,0.3
2026-06-30T1400,1155A,118.8059,32.0329,南京市,瑞金路,,28,6,25,3,16,89,89,72,72,6,11,4,4,0.2,0.3
2026-06-30T1400,1156A,118.7946,32.0774,南京市,玄武湖,,26,6,35,3,16,82,82,69,66,6,9,6,6,0.3,0.4
2026-06-30T1400,1157A,118.6415,32.0964,南京市,浦口,,32,6,26,3,15,100,100,81,81,10,15,3,4,0.1,0.3
2026-06-30T1400,1158A,118.730129,32.000956,南京市,奥体中心,NA,NA,3,29,NA,16,88,88,72,72,7,12,7,8,0.8,0.9
2026-06-30T1400,1159A,118.9072,32.1047,南京市,仙林大学城,,33,7,34,3,20,104,104,86,86,2,8,6,7,0.6,0.7
2026-06-30T1400,3422A,118.8443,31.919,南京市,江宁彩虹桥,,32,7,27,3,17,102,102,87,87,5,8,3,4,0.4,0.5
2026-06-30T1400,3427A,118.8497,32.3599,南京市,六合雄州,,35,11,41,3,25,111,111,79,79,13,21,3,4,0.4,0.6
2026-06-30T1400,4086A,118.7641,32.0841,南京市,新模范马路66号,,35,6,30,3,15,109,109,88,88,4,7,3,4,0.3,0.4
2026-06-30T1400,4249A,118.8707617,31.34017673,南京市,汶溪路181号,,28,6,26,3,18,88,88,91,82,9,11,5,7,0.8,0.8
2026-06-30T1400,4312A,119.019,31.6512,南京市,中山西路1号,NA,NA,6,25,3,17,80,80,78,78,10,11,4,4,NA,0.5
2026-06-30T1400,1401A,108.3098,22.788,南宁市,二十一中,,20,15,16,6,8,64,64,50,50,6,7,1,1,0.6,0.7
2026-06-30T1400,1402A,108.3135,22.8529,南宁市,北湖,,22,21,18,7,11,68,68,48,48,4,8,2,2,0.6,0.6
2026-06-30T1400,1403A,108.3205,22.8222,南宁市,市监测站,,44,44,17,7,8,77,77,60,60,4,5,2,3,0.6,0.6
2026-06-30T1400,1404A,108.3828,22.8038,南宁市,大自然花园,NA,NA,16,16,11,9,64,64,54,54,NA,6,4,4,NA,0.7
2026-06-30T1400,1406A,108.2397,22.8462,南宁市,区农职院,,24,14,18,9,12,76,76,53,53,5,8,2,2,0.9,0.9
2026-06-30T1400,1407A,108.3285,22.7356,南宁市,英华嘉园,,22,12,18,3,8,70,70,52,52,5,8,4,4,0.5,0.5
2026-06-30T1400,3401A,108.4829,22.762,南宁市,红星社区,,22,8,17,3,7,70,70,56,56,3,5,4,4,0.4,0.5
2026-06-30T1400,4132A,108.2927,23.1477,南宁市,起凤路9号,,24,17,18,10,10,74,74,56,56,5,7,5,5,0.5,0.5
2026-06-30T1400,4221A,108.2177,22.7774,南宁市,乐贤路16号,,23,13,19,6,8,71,71,53,53,5,12,4,4,0.6,0.6
2026-06-30T1400,2332A,118.1682,26.6371,南平市,南平市监测站,,19,13,15,3,5,60,60,38,38,2,7,4,4,0.3,0.4
2026-06-30T1400,2334A,118.1757,26.6276,南平市,南平七中,,21,21,17,3,5,59,59,35,35,2,5,3,3,0.3,0.3
2026-06-30T1400,1168A,120.9056,31.9669,南通市,狼山街道,,26,6,8,3,11,81,81,63,63,5,12,4,4,0.8,0.8
2026-06-30T1400,1170A,120.8635,32.0231,南通市,城中,,24,6,20,3,13,74,74,65,65,4,9,2,2,0.4,0.4
2026-06-30T1400,1171A,120.9376,31.9301,南通市,星湖花园,,23,6,13,3,11,73,73,63,63,6,13,3,4,0.4,0.4
2026-06-30T1400,1172A,120.8053,32.046,南通市,紫琅学院,,23,6,15,3,12,73,73,58,58,7,17,5,5,0.7,0.7
2026-06-30T1400,3291A,121.0631,32.0644,南通市,通州监测站,,27,6,16,3,9,84,84,70,70,2,5,5,6,0.4,0.4
2026-06-30T1400,3432A,120.9348,31.9874,南通市,环境教育馆,,23,6,19,3,11,73,73,57,57,8,15,5,5,0.5,0.5
2026-06-30T1400,4091A,120.8692,31.9885,南通市,洪江路,,24,6,14,3,11,74,74,66,66,4,10,3,3,0.7,0.7
2026-06-30T1400,2404A,112.5338,33.0086,南阳市,瓦房庄,,48,35,39,19,24,152,152,106,106,4,7,8,6,0.4,0.5
2026-06-30T1400,2405A,112.5002,32.9734,南阳市,汉画馆,,47,36,46,20,27,150,150,108,108,10,15,8,6,0.5,0.6
2026-06-30T1400,2406A,112.5778,33.0144,南阳市,气象站,,47,24,43,15,26,150,150,103,103,5,12,7,6,0.3,0.5
2026-06-30T1400,2407A,112.548,32.9687,南阳市,理工学院,,47,30,42,14,30,150,150,100,100,8,18,9,7,0.4,0.6
2026-06-30T1400,4008A,112.5233,32.9921,南阳市,卧龙区政府,,50,26,41,19,25,157,157,112,112,6,10,7,6,0.6,0.7
2026-06-30T1400,1234A,121.8352,29.9111,宁波市,区环保大楼,,20,18,21,10,10,62,62,42,42,13,25,4,4,0.6,1
2026-06-30T1400,1235A,121.5595,29.8208,宁波市,万里学院,,23,20,20,9,14,73,73,44,44,5,13,8,8,0.8,0.7
2026-06-30T1400,1236A,121.713,29.9564,宁波市,龙赛医院,,23,15,26,8,14,72,72,44,44,7,19,5,5,0.3,0.4
2026-06-30T1400,1240A,121.5855,29.8635,宁波市,太古小学,,21,13,20,8,12,65,65,45,45,7,13,5,4,0.7,0.6
2026-06-30T1400,1241A,121.5239,29.8673,宁波市,市环境监测中心,,23,23,21,13,14,64,64,40,40,10,17,6,6,0.4,0.4
2026-06-30T1400,2871A,121.6156,29.9015,宁波市,万里国际学校,,23,16,22,8,12,72,72,55,54,2,9,6,6,0.5,0.5
2026-06-30T1400,3710A,121.5593,29.8976,宁波市,白沙活动中心,,22,15,14,12,16,70,70,44,44,8,15,7,6,0.7,0.7
2026-06-30T1400,4095A,121.8962,29.7529,宁波市,中科路88号,,17,10,9,6,4,54,54,72,57,3,10,6,6,0.3,0.4
2026-06-30T1400,2341A,119.5387,26.6611,宁德市,宁德市监测站,,35,34,27,10,12,111,111,60,60,10,14,6,5,0.8,0.9
2026-06-30T1400,3209A,119.5231,26.6562,宁德市,宁德一中,,35,25,27,11,15,110,110,60,60,5,8,10,9,0.2,0.4
2026-06-30T1400,2618A,98.859,25.8541,怒江傈僳族自治州,州监测站,,19,12,23,9,12,58,58,32,32,4,10,6,6,0.4,0.5
2026-06-30T1400,2619A,98.8607,25.8168,怒江傈僳族自治州,泸水一中,,17,14,22,9,10,54,54,23,23,6,10,4,4,0.5,0.7
2026-06-30T1400,1888A,101.6891,26.571,攀枝花市,弄弄坪,,36,36,41,3,11,74,74,45,45,8,16,3,5,0.3,0.8
2026-06-30T1400,1889A,101.577,26.5914,攀枝花市,河门口,,23,22,34,6,13,71,71,50,50,6,12,6,15,0.7,0.9
2026-06-30T1400,1891A,101.7365,26.4986,攀枝花市,仁和,,29,27,19,20,11,84,84,48,48,14,9,14,5,1.5,0.7
